-- phpMyAdmin SQL Dump
-- version 5.1.1
-- https://www.phpmyadmin.net/
--
-- Host: localhost
-- Waktu pembuatan: 29 Sep 2022 pada 09.47
-- Versi server: 10.4.21-MariaDB
-- Versi PHP: 7.4.26

SET SQL_MODE = "NO_AUTO_VALUE_ON_ZERO";
START TRANSACTION;
SET time_zone = "+00:00";


/*!40101 SET @OLD_CHARACTER_SET_CLIENT=@@CHARACTER_SET_CLIENT */;
/*!40101 SET @OLD_CHARACTER_SET_RESULTS=@@CHARACTER_SET_RESULTS */;
/*!40101 SET @OLD_COLLATION_CONNECTION=@@COLLATION_CONNECTION */;
/*!40101 SET NAMES utf8mb4 */;

--
-- Database: `TBHD`
--

-- --------------------------------------------------------

--
-- Struktur dari tabel `cart`
--

CREATE TABLE `cart` (
  `id` bigint(20) NOT NULL,
  `items_id` bigint(20) NOT NULL,
  `qty_transaction` int(11) NOT NULL,
  `created_at` timestamp NULL DEFAULT current_timestamp(),
  `updated_at` timestamp NULL DEFAULT current_timestamp()
) ENGINE=InnoDB DEFAULT CHARSET=utf8mb4 COLLATE=utf8mb4_unicode_ci;

-- --------------------------------------------------------

--
-- Struktur dari tabel `category`
--

CREATE TABLE `category` (
  `id` bigint(20) NOT NULL,
  `name_category` varchar(50) COLLATE utf8mb4_unicode_ci NOT NULL,
  `created_at` timestamp NULL DEFAULT current_timestamp(),
  `updated_at` timestamp NULL DEFAULT current_timestamp()
) ENGINE=InnoDB DEFAULT CHARSET=utf8mb4 COLLATE=utf8mb4_unicode_ci;

--
-- Dumping data untuk tabel `category`
--

INSERT INTO `category` (`id`, `name_category`, `created_at`, `updated_at`) VALUES
(1, 'Asbes', '2022-02-25 22:53:47', '2022-02-25 22:53:47'),
(2, 'Besi', '2022-02-27 06:06:51', '2022-02-27 06:06:51'),
(3, 'Cat', '2022-02-27 06:07:04', '2022-03-26 03:45:57'),
(4, 'Gerindra', '2022-02-27 06:07:28', '2022-02-27 06:07:28'),
(5, 'Kayu', '2022-02-27 06:07:36', '2022-02-27 06:07:36'),
(6, 'Loster', '2022-02-27 06:07:50', '2022-02-27 06:07:50'),
(7, 'Material', '2022-02-27 06:07:55', '2022-02-27 06:07:55'),
(8, 'Paku', '2022-02-27 06:08:10', '2022-02-27 06:08:10'),
(9, 'Paralon', '2022-02-27 06:08:17', '2022-02-27 06:08:17'),
(10, 'Alat Rumah Tangga', '2022-02-27 06:08:39', '2022-02-27 06:08:39'),
(11, 'Semen', '2022-02-27 06:08:45', '2022-02-27 06:08:45'),
(12, 'Thiner', '2022-02-27 06:09:08', '2022-02-27 06:09:21'),
(13, 'Elektronik', '2022-05-27 02:23:13', '2022-05-27 02:23:13'),
(14, 'Alat Pertanian', '2022-05-27 02:24:19', '2022-05-27 02:24:19');

-- --------------------------------------------------------

--
-- Struktur dari tabel `detail_transaction`
--

CREATE TABLE `detail_transaction` (
  `id` bigint(20) NOT NULL,
  `id_transaction` bigint(20) NOT NULL,
  `name_item` varchar(200) COLLATE utf8mb4_unicode_ci NOT NULL,
  `volume` varchar(200) COLLATE utf8mb4_unicode_ci NOT NULL,
  `price_sell` int(11) NOT NULL,
  `price_purchase` int(11) NOT NULL,
  `qty_transaction` int(11) NOT NULL,
  `created_at` timestamp NULL DEFAULT current_timestamp(),
  `updated_at` timestamp NULL DEFAULT current_timestamp()
) ENGINE=InnoDB DEFAULT CHARSET=utf8mb4 COLLATE=utf8mb4_unicode_ci;

--
-- Dumping data untuk tabel `detail_transaction`
--

INSERT INTO `detail_transaction` (`id`, `id_transaction`, `name_item`, `volume`, `price_sell`, `price_purchase`, `qty_transaction`, `created_at`, `updated_at`) VALUES
(108, 103, '688', '', 0, 0, 3, '2022-06-16 11:47:28', '2022-06-16 11:47:28'),
(109, 112, '106', '', 0, 0, 3, '2022-06-17 10:32:57', '2022-06-17 10:32:57'),
(110, 112, '19', '', 0, 0, 2, '2022-06-17 10:32:57', '2022-06-17 10:32:57'),
(111, 113, '106', '', 0, 0, 3, '2022-06-17 10:33:23', '2022-06-17 10:33:23'),
(112, 113, '19', '', 0, 0, 2, '2022-06-17 10:33:23', '2022-06-17 10:33:23'),
(113, 115, 'Asbes', '105x 150', 45000, 40000, 2, '2022-07-09 18:07:21', '2022-07-09 18:07:21');

-- --------------------------------------------------------

--
-- Struktur dari tabel `items`
--

CREATE TABLE `items` (
  `id` bigint(20) NOT NULL,
  `name_item` varchar(255) COLLATE utf8mb4_unicode_ci NOT NULL,
  `volume` varchar(100) COLLATE utf8mb4_unicode_ci NOT NULL,
  `category_id` bigint(20) NOT NULL,
  `price_purchase` int(11) NOT NULL,
  `price_sell` int(11) NOT NULL,
  `qty_stock` int(11) NOT NULL,
  `qty_sold` int(11) NOT NULL,
  `unit_id` bigint(20) NOT NULL,
  `status` int(11) NOT NULL,
  `created_at` timestamp NULL DEFAULT current_timestamp(),
  `updated_at` timestamp NULL DEFAULT current_timestamp()
) ENGINE=InnoDB DEFAULT CHARSET=utf8mb4 COLLATE=utf8mb4_unicode_ci;

--
-- Dumping data untuk tabel `items`
--

INSERT INTO `items` (`id`, `name_item`, `volume`, `category_id`, `price_purchase`, `price_sell`, `qty_stock`, `qty_sold`, `unit_id`, `status`, `created_at`, `updated_at`) VALUES
(6, 'Asbes', '105x 150', 1, 40000, 45000, 100, 2, 8, 1, '2022-06-08 01:44:48', '2022-07-09 18:07:21'),
(7, 'Asbes', '105 x 180 *', 1, 49000, 60000, 100, 106, 8, 1, '2022-04-11 00:36:05', '2022-06-09 07:03:43'),
(8, 'Asbes', '105 x 210', 1, 99, 65000, 100, 39, 8, 1, '2022-04-11 00:36:36', '2022-06-09 07:48:09'),
(9, 'Asbes', '105x 240', 1, 99, 70000, 100, 0, 8, 1, '2022-04-11 00:37:03', '2022-04-11 00:37:03'),
(10, 'Asbes', '105 x 300', 1, 99, 88000, 100, 0, 8, 1, '2022-04-11 00:37:32', '2022-04-11 00:37:32'),
(11, 'Asbes', '80x 150 *', 1, 27000, 37000, 100, 0, 8, 1, '2022-04-11 00:37:55', '2022-04-11 00:37:55'),
(12, 'Asbes', '80 x 180 *', 1, 32000, 42000, 100, 0, 8, 1, '2022-04-11 00:38:15', '2022-04-11 00:38:15'),
(13, 'Asbes', '80x 210 *', 1, 40000, 46000, 100, 0, 8, 1, '2022-04-11 00:38:28', '2022-04-11 00:38:28'),
(14, 'Asbes', '80x 240 *', 1, 45000, 53000, 100, 0, 8, 1, '2022-04-11 00:38:46', '2022-04-11 00:38:46'),
(15, 'Asbes', '80x 300 *', 1, 58000, 70000, 100, 0, 8, 1, '2022-04-11 00:39:02', '2022-04-11 00:39:02'),
(16, 'Begel (Putih)', '-', 2, 17000, 20000, 100, 0, 6, 1, '2022-04-11 00:39:32', '2022-04-11 00:39:32'),
(17, 'Begel Besi (Coklat)', '-', 2, 17000, 20000, 100, 0, 6, 1, '2022-04-11 00:39:47', '2022-04-11 00:39:47'),
(18, 'Besi Beton Material', '10 #1', 2, 60000, 65000, 100, 2, 1, 1, '2022-04-11 00:40:09', '2022-06-09 07:40:32'),
(19, 'Besi Beton', '10 #2', 2, 55000, 62000, 100, 4, 1, 1, '2022-04-11 00:40:29', '2022-06-17 10:33:23'),
(20, 'Besi Beton', '10 ulir', 2, 60000, 65000, 100, 0, 1, 1, '2022-04-11 00:40:58', '2022-06-07 18:49:54'),
(21, 'Besi Beton', '12', 2, 85000, 90000, 100, 0, 1, 1, '2022-04-11 00:41:20', '2022-06-07 18:50:10'),
(22, 'Besi Beton', '6 SNI *', 2, 29000, 34000, 100, 0, 1, 1, '2022-04-11 00:41:35', '2022-04-11 00:41:35'),
(23, 'Besi Beton', '8 #1 /7.5 SNI', 2, 33000, 37000, 100, 0, 1, 1, '2022-04-11 00:41:50', '2022-04-11 00:41:50'),
(24, 'Besi Beton', '8 #2 SNI  *', 2, 52000, 57000, 100, 0, 1, 1, '2022-04-11 00:42:05', '2022-04-11 00:42:05'),
(25, 'Besi Ground', '-', 2, 16500, 21000, 100, 0, 2, 1, '2022-04-11 00:42:21', '2022-04-11 00:42:21'),
(26, 'Besi Nako Polos', '10mm x 4m', 2, 14500, 17000, 100, 0, 1, 1, '2022-04-11 00:42:34', '2022-04-11 00:42:34'),
(29, 'Besi Nako Ulir', '12mm x 4m', 2, 21000, 25000, 100, 0, 1, 1, '2022-04-11 00:43:25', '2022-04-11 00:43:25'),
(30, 'Besi Pipa', '1 1/2\" x1,8', 2, 88000, 98000, 100, 0, 1, 1, '2022-04-11 00:43:38', '2022-04-11 00:43:38'),
(31, 'Besi Pipa', '1 1/4\"', 2, 125000, 130000, 100, 0, 1, 1, '2022-04-11 00:43:51', '2022-06-07 18:51:10'),
(32, 'Besi Pipa', '1 1/4\" x 2', 2, 85000, 92000, 100, 0, 1, 1, '2022-04-11 00:44:35', '2022-06-07 18:51:31'),
(33, 'Besi Pipa', '1\" x 1,8', 2, 57000, 65000, 100, 0, 1, 1, '2022-04-11 00:44:47', '2022-04-11 00:44:47'),
(34, 'Besi Pipa', '1/2\" x 1,5', 2, 27500, 32000, 100, 0, 1, 1, '2022-04-11 00:44:59', '2022-04-11 00:44:59'),
(35, 'Besi Pipa', '2\" x 1,8', 2, 114000, 125000, 100, 0, 1, 1, '2022-04-11 00:45:27', '2022-04-11 00:45:27'),
(36, 'Besi Pipa', '3/4\" x 1,8', 2, 45000, 50000, 100, 0, 1, 1, '2022-04-11 00:45:41', '2022-04-11 00:45:41'),
(37, 'Besi Pipa Galvanis', '1 1/2\"', 2, 161000, 177000, 100, 0, 1, 1, '2022-04-11 00:45:54', '2022-04-11 00:45:54'),
(38, 'Besi Pipa Galvanis', '2\"', 2, 205000, 225000, 100, 0, 1, 1, '2022-04-11 00:46:42', '2022-04-11 00:46:42'),
(39, 'Besi Plat', '2cm', 2, 99, 17000, 100, 5, 2, 1, '2022-04-11 00:46:55', '2022-06-09 07:49:48'),
(40, 'Besi Plat', '3cm', 2, 99, 99, 100, 0, 2, 1, '2022-04-11 00:47:11', '2022-04-11 00:47:11'),
(41, 'Besi Plat', '4cm', 2, 99, 28000, 100, 0, 2, 1, '2022-04-11 00:47:26', '2022-04-11 00:47:26'),
(42, 'Besi Plat Eyser', '1.4 240x120', 2, 99, 300000, 100, 0, 8, 1, '2022-04-11 00:47:43', '2022-04-11 00:47:43'),
(43, 'Besi Siku', '2.5/2.5', 2, 22000, 27000, 100, 0, 1, 1, '2022-04-11 00:47:54', '2022-06-07 18:51:44'),
(44, 'Besi Siku', '3/3', 2, 32500, 37000, 100, 0, 1, 1, '2022-04-11 00:48:10', '2022-04-11 00:48:10'),
(45, 'Besi Siku', '4/4', 2, 47000, 52000, 100, 0, 1, 1, '2022-04-11 00:48:23', '2022-06-07 18:53:10'),
(46, 'Besi Siku', '4/4 #2', 2, 65000, 72000, 100, 0, 1, 1, '2022-04-11 00:48:40', '2022-06-07 18:53:25'),
(47, 'Holo', '1.5/3 x1,5', 2, 41500, 46000, 100, 0, 1, 1, '2022-04-11 00:48:55', '2022-04-11 00:48:55'),
(48, 'Holo', '2/4 x1,3', 2, 35500, 38000, 100, 0, 1, 1, '2022-04-11 00:49:08', '2022-04-11 00:49:08'),
(49, 'Holo', '2/4 x1,6', 2, 49000, 57000, 100, 0, 1, 1, '2022-04-11 00:49:25', '2022-04-11 00:49:25'),
(50, 'Holo', '2/4 x1,8', 2, 70000, 80000, 100, 0, 1, 1, '2022-04-11 00:49:44', '2022-04-11 00:49:44'),
(51, 'Holo', '3/3 x1', 2, 65000, 70000, 100, 0, 1, 1, '2022-04-11 00:49:59', '2022-06-07 18:52:59'),
(52, 'Holo', '3/3 x1,4', 2, 52000, 58000, 100, 0, 1, 1, '2022-04-11 00:50:10', '2022-06-07 18:52:41'),
(53, 'Holo', '3/3 x1,6', 2, 56000, 63000, 100, 0, 1, 1, '2022-04-11 00:50:21', '2022-04-11 00:50:21'),
(54, 'Holo', '3/3 x1,8', 2, 70000, 80000, 100, 0, 1, 1, '2022-04-11 00:50:35', '2022-04-11 00:50:35'),
(55, 'Holo', '4/4', 2, 80000, 85000, 100, 0, 1, 1, '2022-04-11 00:50:47', '2022-06-07 18:54:01'),
(56, 'Holo', '4/4 x1,4', 2, 85000, 90000, 100, 0, 1, 1, '2022-04-11 00:50:58', '2022-06-07 18:54:26'),
(57, 'Holo', '4/4 x1,8', 2, 81000, 94000, 100, 0, 1, 1, '2022-04-11 00:51:10', '2022-04-11 00:51:10'),
(58, 'Holo', '4/4 x1,6', 2, 68000, 78000, 100, 0, 1, 1, '2022-04-11 00:51:24', '2022-04-11 00:51:24'),
(59, 'Holo Galv', '2/3', 2, 100000, 110000, 100, 0, 1, 1, '2022-04-11 00:51:36', '2022-06-07 18:54:48'),
(60, 'Holo Galv', '3/3 x1', 2, 85000, 90000, 100, 0, 1, 1, '2022-04-11 00:51:49', '2022-06-07 18:55:07'),
(61, 'Holo Galv', '4/4 x1,7', 2, 107000, 115000, 100, 0, 1, 1, '2022-04-11 00:52:03', '2022-06-07 18:55:29'),
(62, 'Plat Bordes', '/Kembangan', 2, 99, 490000, 100, 0, 8, 1, '2022-04-11 15:13:04', '2022-04-11 15:13:04'),
(63, 'Siku Dinding', '24cm /2', 2, 99, 16000, 100, 0, 2, 1, '2022-04-11 15:16:34', '2022-04-11 15:16:34'),
(64, 'Cat 100+ Besi', '1kg', 3, 44000, 56000, 100, 0, 5, 1, '2022-04-11 15:19:12', '2022-04-11 15:19:12'),
(65, 'Cat 100+ Genteng', '4kg', 3, 108000, 120000, 100, 0, 2, 1, '2022-04-11 22:31:42', '2022-04-11 22:31:42'),
(66, 'Cat 100+ Tbk', '4kg', 3, 54000, 65000, 100, 0, 11, 1, '2022-05-27 02:04:08', '2022-05-27 02:04:08'),
(67, 'Cat Acrylic Kappie', '100g DeGoya', 3, 99, 8500, 100, 2, 2, 1, '2022-05-27 02:04:32', '2022-06-03 08:38:46'),
(68, 'Cat Altex', '500g', 3, 35600, 41000, 100, 0, 5, 1, '2022-05-27 02:04:53', '2022-05-27 02:04:53'),
(69, 'Cat Altex Alumunium', '0.75lt', 3, 99, 55000, 100, 0, 5, 1, '2022-05-27 02:05:15', '2022-05-27 02:05:15'),
(70, 'Cat Altex Meni', '1kg', 3, 99, 35000, 100, 0, 5, 1, '2022-05-27 02:05:29', '2022-05-27 02:05:29'),
(71, 'Cat Altex Chrome', '1kg', 3, 48000, 50000, 100, 0, 5, 1, '2022-05-27 02:05:47', '2022-05-27 02:05:47'),
(72, 'Cat Avian', '1kg /0.9lt', 3, 99, 60000, 100, 0, 5, 1, '2022-05-27 02:06:05', '2022-05-27 02:06:05'),
(73, 'Cat Avian', '5kg', 3, 99, 99, 100, 0, 2, 1, '2022-05-27 02:06:25', '2022-05-27 02:06:25'),
(74, 'Cat Avian Chrome', '0.75lt', 3, 99, 55000, 100, 0, 5, 1, '2022-05-27 02:06:40', '2022-05-27 02:06:40'),
(75, 'Cat Avitex', '1kg', 3, 99, 35000, 100, 0, 2, 1, '2022-05-27 02:06:52', '2022-05-27 02:06:52'),
(76, 'Cat Dana Pt Tbk', '5kg', 3, 50000, 55000, 100, 0, 5, 1, '2022-05-27 02:07:20', '2022-05-27 02:07:20'),
(77, 'Cat Decolith', '5kg', 3, 99, 100000, 100, 0, 11, 1, '2022-05-27 02:10:26', '2022-05-27 02:10:26'),
(78, 'Cat Dextro', '800g', 3, 54000, 65000, 100, 0, 5, 1, '2022-05-27 02:11:16', '2022-05-27 02:11:16'),
(79, 'Cat Envi', '0.9lt', 3, 58000, 65000, 100, 0, 5, 1, '2022-05-27 02:11:29', '2022-05-27 02:11:29'),
(80, 'Cat Envi', '100cc /0.1lt', 3, 8400, 12000, 100, 0, 5, 1, '2022-05-27 02:11:39', '2022-05-27 02:11:39'),
(81, 'Cat Envi', '450ml', 3, 33000, 45000, 100, 0, 5, 1, '2022-05-27 02:12:12', '2022-05-27 02:12:12'),
(82, 'Cat Finish Almn Chrome', '-', 3, 99, 50000, 100, 0, 5, 1, '2022-05-27 02:12:48', '2022-05-27 02:12:48'),
(83, 'Cat Glotex', '1lt', 3, 99, 99, 100, 0, 5, 1, '2022-05-27 02:13:18', '2022-05-27 02:13:18'),
(84, 'Cat Lippo', '100cc', 3, 8250, 12000, 100, 0, 5, 1, '2022-05-27 02:13:36', '2022-05-27 02:13:36'),
(85, 'Cat Lippo Acrylic', 'Tbk /1kg', 3, 21600, 28000, 100, 0, 2, 1, '2022-05-27 02:14:03', '2022-05-27 02:14:03'),
(86, 'Cat Lippo Besi', '1lt', 3, 44000, 56000, 100, 0, 5, 1, '2022-05-27 02:14:20', '2022-05-27 02:14:20'),
(87, 'Cat Nitrolux', '0.9lt /900cc', 3, 99, 65000, 100, 0, 5, 1, '2022-05-27 02:14:39', '2022-05-27 02:14:39'),
(88, 'Cat Nitrolux', '100cc', 3, 99, 12000, 100, 0, 5, 1, '2022-05-27 02:15:57', '2022-05-27 02:15:57'),
(89, 'Cat Nitrolux', '200cc', 3, 99, 20000, 100, 0, 5, 1, '2022-05-27 02:16:11', '2022-05-27 02:16:11'),
(90, 'Cat Nitrolux', '25cc', 3, 99, 5000, 100, 0, 5, 1, '2022-05-27 02:16:28', '2022-05-27 02:16:28'),
(91, 'Cat Nitrolux', '450ml', 3, 99, 45000, 100, 0, 5, 1, '2022-05-27 02:16:47', '2022-05-27 02:16:47'),
(92, 'Cat Nitrolux', '50cc', 3, 5000, 7500, 100, 0, 5, 1, '2022-05-27 02:18:23', '2022-05-27 02:18:23'),
(93, 'Cat Nodrop', '50cc', 3, 99, 50000, 100, 0, 5, 1, '2022-05-27 02:18:33', '2022-05-27 02:18:33'),
(94, 'Cat Nucolor Tbk', '5kg', 3, 99, 99, 100, 0, 2, 1, '2022-05-27 02:18:42', '2022-05-27 02:18:42'),
(95, 'Cat Nusatex Meni', '1kg', 3, 99, 35000, 100, 0, 5, 1, '2022-05-27 02:18:49', '2022-05-27 02:18:49'),
(96, 'Cat Penta', '0.9g', 3, 99, 70000, 100, 0, 5, 1, '2022-05-27 02:18:58', '2022-05-27 02:18:58'),
(97, 'Cat Penta Hmrtone Finish', '1lt', 3, 99, 99, 100, 0, 5, 1, '2022-05-27 02:19:08', '2022-05-27 02:19:08'),
(98, 'Cat Penta SuperGloss', '1kg', 3, 99, 72000, 100, 0, 5, 1, '2022-05-27 02:19:17', '2022-05-27 02:19:17'),
(99, 'Cat Penta Zinchrmt', '1kg', 3, 99, 50000, 100, 0, 5, 1, '2022-05-27 02:19:24', '2022-05-27 02:19:24'),
(100, 'Cat Picolux', '0.9lt', 3, 99, 60000, 100, 0, 2, 1, '2022-05-27 02:19:32', '2022-05-27 02:19:32'),
(101, 'Cat Picolux', '100cc', 3, 99, 12000, 100, 0, 2, 1, '2022-05-27 02:19:40', '2022-05-27 02:19:40'),
(102, 'Cat Pro7', '150cc', 3, 14000, 19000, 100, 0, 5, 1, '2022-05-27 02:19:47', '2022-05-27 02:19:47'),
(103, 'Cat Pro7', '150cc Clear', 3, 99, 19000, 100, 0, 5, 1, '2022-05-27 02:19:55', '2022-05-27 02:19:55'),
(104, 'Cat Pro7', '150cc Mgkilat', 3, 21500, 28000, 100, 0, 5, 1, '2022-05-27 02:20:07', '2022-05-27 02:20:07'),
(105, 'Cat Pro7', '150cc Orange 7006', 3, 21500, 28000, 100, 0, 5, 1, '2022-05-27 02:20:15', '2022-05-27 02:20:15'),
(106, 'Cat Pro7', '150cc Pink 7002', 3, 99, 28000, 100, 6, 5, 1, '2022-05-27 02:20:27', '2022-06-17 10:33:23'),
(107, 'Cat Pro7', '300cc', 3, 21500, 28000, 100, 0, 5, 1, '2022-05-27 02:20:36', '2022-05-27 02:20:36'),
(108, 'Cat Pylox', '300cc', 3, 22000, 26000, 100, 0, 5, 1, '2022-05-27 02:20:44', '2022-05-27 02:20:44'),
(109, 'Cat Rexton', '-', 3, 99, 28000, 100, 0, 5, 1, '2022-05-27 02:20:51', '2022-05-27 02:20:51'),
(110, 'Cat SuperGloss', '-', 3, 99, 68500, 100, 0, 2, 1, '2022-05-27 02:21:00', '2022-05-27 02:21:00'),
(111, 'Cat Suzuka', '1kg', 3, 99, 60000, 100, 0, 5, 1, '2022-05-27 02:21:08', '2022-05-27 02:21:08'),
(112, 'Cat Suzuka Starlight', '-', 3, 99, 28000, 100, 0, 2, 1, '2022-05-27 02:21:15', '2022-05-27 02:21:15'),
(113, 'Cat Varaco', '800g', 3, 60000, 65000, 100, 0, 5, 1, '2022-05-27 02:21:22', '2022-05-27 02:21:22'),
(114, 'No Drop', '1kg', 3, 99, 50000, 100, 0, 5, 1, '2022-05-27 02:21:31', '2022-05-27 02:21:31'),
(117, 'Matrix Raket Nyamuk', '-', 13, 40175, 45000, 100, 0, 2, 1, '2022-05-27 02:24:36', '2022-05-27 02:24:36'),
(118, 'Pompa Air Panasonic #1', '-', 13, 360000, 420000, 100, 0, 2, 1, '2022-05-27 02:24:45', '2022-05-27 02:24:45'),
(119, 'Pompa Air Shimizu Jet100', '-', 13, 99, 750000, 100, 0, 2, 1, '2022-05-27 02:24:52', '2022-05-27 02:24:52'),
(120, 'Radar', '-', 13, 60000, 72000, 100, 0, 2, 1, '2022-05-27 02:24:59', '2022-05-27 02:24:59'),
(121, 'Sivicom Raket Nyamuk', '-', 13, 99, 45000, 100, 0, 2, 1, '2022-05-27 02:25:06', '2022-05-27 02:25:06'),
(122, 'Yoshida Steker Arde', '/Plug /6608', 13, 5775, 6500, 100, 0, 2, 1, '2022-05-27 02:25:13', '2022-05-27 02:25:13'),
(123, 'Gerindra Handsome', '10.5cm', 4, 99, 5000, 100, 0, 2, 1, '2022-05-27 02:25:20', '2022-05-27 02:25:20'),
(124, 'Gerindra Klinik', '100x2x16mm', 4, 99, 8000, 100, 0, 2, 1, '2022-05-27 02:25:27', '2022-05-27 02:25:27'),
(125, 'Gerindra Klinik', '36cm', 4, 99, 43000, 100, 0, 2, 1, '2022-05-27 02:25:33', '2022-05-27 02:25:33'),
(126, 'Gerindra Muller', '100x1x16mm', 4, 99, 6000, 100, 0, 2, 1, '2022-05-27 02:25:41', '2022-05-27 02:25:41'),
(127, 'Gerindra Nippon Rsb #3', '-', 4, 99, 57000, 100, 0, 2, 1, '2022-05-27 02:25:47', '2022-05-27 02:25:47'),
(128, 'Gerindra Taiyo', '10cm', 4, 99, 4000, 100, 0, 2, 1, '2022-05-27 02:25:54', '2022-05-27 02:25:54'),
(129, 'Gerindra Taiyo', '35cm', 4, 99, 35000, 100, 0, 2, 1, '2022-05-27 02:26:00', '2022-05-27 02:26:00'),
(130, 'Gerindra Wd', '10cm', 4, 99, 4000, 100, 0, 2, 1, '2022-05-27 02:26:07', '2022-05-27 02:26:07'),
(131, 'Kayu 4/6', '1m', 5, 5000, 8000, 100, 0, 1, 1, '2022-05-27 02:26:15', '2022-05-27 02:26:15'),
(132, 'Kayu 4/6', '4m', 5, 60000, 70000, 100, 0, 1, 1, '2022-05-27 02:26:23', '2022-05-27 02:26:23'),
(133, 'Kayu 6/12', '1m', 5, 65000, 73000, 100, 0, 1, 1, '2022-05-27 02:26:31', '2022-05-27 02:26:31'),
(134, 'Kayu 6/12', '2m', 5, 110000, 120000, 100, 0, 1, 1, '2022-05-27 02:26:39', '2022-05-27 02:26:39'),
(135, 'Kayu Lis', '-', 5, 3000, 5000, 100, 0, 1, 1, '2022-05-27 02:26:49', '2022-06-07 18:53:38'),
(136, 'Kayu Reng 2/3', '2.5m', 5, 9600, 12000, 100, 0, 1, 1, '2022-05-27 02:26:56', '2022-05-27 02:26:56'),
(137, 'Kayu Reng 2/3', '2m', 5, 7000, 9000, 100, 0, 1, 1, '2022-05-27 02:27:12', '2022-05-27 02:27:12'),
(138, 'Kayu Reng 2/3', '3m', 5, 11200, 17000, 100, 0, 1, 1, '2022-05-27 02:27:21', '2022-05-27 02:27:21'),
(139, 'Kayu Usuk 3/5', '2.5m', 5, 25000, 31000, 100, 0, 1, 1, '2022-05-27 02:27:27', '2022-05-27 02:27:27'),
(140, 'Kayu Usuk 3/5', '2m', 5, 15000, 24000, 100, 0, 1, 1, '2022-05-27 02:27:33', '2022-05-27 02:27:33'),
(141, 'Kayu Usuk 3/5', '3m', 5, 30000, 36000, 100, 0, 1, 1, '2022-05-27 02:27:39', '2022-05-27 02:27:39'),
(142, 'Kayu Usuk 3/5', '4m', 5, 31000, 38000, 100, 0, 1, 1, '2022-05-27 02:27:48', '2022-05-27 02:27:48'),
(143, 'Gasblok', '/Blok Kaca', 6, 99, 25000, 100, 0, 2, 1, '2022-05-27 02:27:55', '2022-05-27 02:27:55'),
(144, 'Loster Kayu #1', '/Psgi Pjg', 6, 99, 18000, 100, 0, 2, 1, '2022-05-27 02:28:02', '2022-05-27 02:28:02'),
(145, 'Loster Kayu #1', '/Psgi', 6, 99, 20000, 100, 0, 2, 1, '2022-05-27 02:28:14', '2022-05-27 02:28:14'),
(146, 'Loster Merah Psgi', '-', 6, 99, 5000, 100, 0, 2, 1, '2022-05-27 02:28:25', '2022-05-27 02:28:25'),
(147, 'Loster Merah Psgi Pjg', '-', 6, 99, 5000, 100, 0, 2, 1, '2022-05-27 02:28:32', '2022-05-27 02:28:32'),
(148, 'Loster Pth #1', '-', 6, 99, 8000, 100, 0, 2, 1, '2022-05-27 02:28:41', '2022-05-27 02:28:41'),
(149, 'Loster Pth #2', '-', 6, 99, 14000, 100, 0, 2, 1, '2022-05-27 02:28:50', '2022-05-27 02:28:50'),
(150, 'Alat Gergaji', '-', 7, 15000, 20000, 100, 0, 2, 1, '2022-05-27 02:28:56', '2022-06-07 18:49:00'),
(151, 'Amplaz', '-', 7, 2000, 3000, 100, 0, 8, 1, '2022-05-27 02:30:33', '2022-06-07 18:49:31'),
(152, 'Amplaz 10”', '/m', 7, 99, 10000, 100, 0, 7, 1, '2022-05-27 02:30:39', '2022-05-27 02:30:39'),
(153, 'Amplaz O 10\" Halus', '-', 7, 99, 1500, 100, 0, 2, 1, '2022-05-27 02:30:49', '2022-05-27 02:30:49'),
(154, 'Amplaz O Masayuki', '10cm', 7, 99, 5000, 100, 3, 2, 1, '2022-05-27 02:30:55', '2022-06-09 07:49:48'),
(155, 'Aquaproof', '1kg', 7, 99, 50000, 100, 0, 2, 1, '2022-05-27 02:31:04', '2022-05-27 02:31:04'),
(156, 'Aquaproof', '50kg', 7, 170000, 180000, 100, 0, 2, 1, '2022-05-27 02:31:12', '2022-06-07 18:58:51'),
(157, 'Arit', '50kg', 7, 60000, 75000, 100, 0, 2, 1, '2022-05-27 02:31:18', '2022-05-27 02:31:18'),
(158, 'Atap Galvalum', '/m', 7, 25000, 30000, 100, 0, 7, 1, '2022-05-27 02:31:25', '2022-05-27 02:31:25'),
(159, 'Atap Galvalum', '5m', 7, 125000, 150000, 100, 0, 8, 1, '2022-05-27 02:31:32', '2022-05-27 02:31:32'),
(160, 'Atap Galvalum', '6m', 7, 195000, 205000, 100, 0, 8, 1, '2022-05-27 02:31:38', '2022-05-27 02:31:38'),
(161, 'Bak Cat', '-', 7, 7000, 10000, 100, 0, 2, 1, '2022-05-27 02:31:45', '2022-05-27 02:31:45'),
(162, 'Ban Dalam Kereta Drg', '-', 7, 20000, 25000, 100, 0, 2, 1, '2022-05-27 02:31:55', '2022-05-27 02:31:55'),
(163, 'Ban Luar Kereta Drg', '-', 7, 99, 50000, 100, 0, 2, 1, '2022-05-27 02:32:04', '2022-05-27 02:32:04'),
(164, 'Ban, Velg Kereta Drg', '-', 7, 99, 100000, 100, 0, 2, 1, '2022-05-27 02:32:12', '2022-05-27 02:32:12'),
(165, 'Bata Putih', '-', 7, 1100, 1300, 100, 0, 2, 1, '2022-05-27 02:32:19', '2022-05-27 02:32:19'),
(166, 'Bata Umpak', '-', 7, 9000, 12000, 10000, 0, 2, 1, '2022-05-27 02:32:35', '2022-05-27 02:32:35'),
(167, 'Baut Dinabolt', '5cm', 7, 99, 1000, 100, 0, 12, 1, '2022-05-27 02:34:40', '2022-05-27 02:34:40'),
(168, 'Baut Dinabolt', '7cm', 7, 99, 1500, 100, 0, 12, 1, '2022-05-27 02:34:48', '2022-05-27 02:34:48'),
(169, 'Baut Htm', '11cm', 7, 99, 3000, 100, 0, 2, 1, '2022-05-27 02:37:03', '2022-05-27 02:37:03'),
(170, 'Baut Htm', '13cm', 7, 99, 3000, 100, 0, 2, 1, '2022-05-27 02:37:09', '2022-05-27 02:37:09'),
(171, 'Baut Htm', '4.5cm', 7, 99, 600, 100, 0, 2, 1, '2022-05-27 02:37:16', '2022-05-27 02:37:16'),
(172, 'Baut Kng', '3cm', 7, 99, 400, 100, 0, 2, 1, '2022-05-27 02:37:28', '2022-05-27 02:37:28'),
(173, 'Benang Nilon #1', '-', 7, 99, 3000, 100, 0, 2, 1, '2022-05-27 02:37:35', '2022-05-27 02:37:35'),
(174, 'Benang Nilon #2', '-', 7, 99, 8000, 100, 0, 2, 1, '2022-05-27 02:37:43', '2022-05-27 02:37:43'),
(175, 'Benang Tukang', '-', 7, 99, 3000, 100, 0, 2, 1, '2022-05-27 02:37:50', '2022-05-27 02:37:50'),
(176, 'Bendo', '-', 7, 99, 99, 100, 0, 2, 1, '2022-05-27 02:37:56', '2022-05-27 02:37:56'),
(177, 'Bendrat', '-', 7, 18250, 24000, 100, 0, 6, 1, '2022-05-27 02:38:02', '2022-05-27 02:38:02'),
(178, 'Besi Pacul', '-', 7, 99, 40000, 100, 0, 2, 1, '2022-05-27 02:38:08', '2022-05-27 02:38:08'),
(179, 'Betel', '24cm', 7, 99, 25000, 100, 0, 2, 1, '2022-05-27 02:38:17', '2022-05-27 02:38:17'),
(180, 'Betel', '29cm', 7, 99, 35000, 100, 0, 2, 1, '2022-05-27 02:38:25', '2022-05-27 02:38:25'),
(181, 'Bio Sentra', '1000g', 7, 99, 37000, 100, 0, 2, 1, '2022-05-27 02:38:31', '2022-05-27 02:38:31'),
(182, 'Bio Sentra', '500g', 7, 99, 22000, 100, 0, 2, 1, '2022-05-27 02:38:42', '2022-05-27 02:38:42'),
(183, 'Bor SAB', '12mm', 7, 99, 14000, 100, 0, 2, 1, '2022-05-27 02:38:50', '2022-05-27 02:38:50'),
(184, 'Bor Vico', '2.5mm', 7, 2000, 3000, 100, 0, 2, 1, '2022-05-27 02:39:00', '2022-05-27 02:39:00'),
(185, 'Bor Vico', '2mm', 7, 1600, 2500, 100, 0, 2, 1, '2022-05-27 02:39:06', '2022-05-27 02:39:06'),
(186, 'Cakar Ayam', '40', 7, 45000, 55000, 100, 0, 2, 1, '2022-05-27 02:39:12', '2022-05-27 02:39:12'),
(187, 'Cakar Ayam', '50', 7, 55000, 65000, 100, 0, 2, 1, '2022-05-27 02:39:20', '2022-05-27 02:39:20'),
(188, 'Cakar Ayam', '60', 7, 65000, 80000, 100, 0, 2, 1, '2022-05-27 02:39:26', '2022-05-27 02:39:26'),
(189, 'Carbon Crash Makita', '-', 7, 99, 16000, 100, 0, 2, 1, '2022-05-27 02:39:34', '2022-05-27 02:39:34'),
(190, 'Cetok #1', '-', 7, 8250, 12000, 100, 0, 2, 1, '2022-05-27 02:39:40', '2022-05-27 02:39:40'),
(191, 'Cetok #2', '-', 7, 11700, 15000, 100, 0, 2, 1, '2022-05-27 02:39:47', '2022-05-27 02:39:47'),
(192, 'Compound', '-', 7, 65000, 69000, 100, 0, 10, 1, '2022-05-27 02:39:53', '2022-05-27 02:39:53'),
(193, 'Compound', '1kg', 7, 3250, 5000, 100, 0, 13, 1, '2022-05-27 02:39:58', '2022-05-27 02:39:58'),
(194, 'Corong Talang Kotak PVC', '-', 7, 20000, 22000, 100, 0, 2, 1, '2022-05-27 02:40:06', '2022-05-27 02:40:06'),
(195, 'Deker', '30x 1m', 7, 60000, 70000, 100, 0, 2, 1, '2022-05-27 02:40:14', '2022-05-27 02:40:14'),
(196, 'Dempul Alfaglos', '890g', 7, 99, 35000, 100, 0, 5, 1, '2022-05-27 02:40:21', '2022-05-27 02:40:21'),
(197, 'Dempul Plastik Classy #1', '-', 7, 99, 16000, 100, 0, 2, 1, '2022-05-27 02:40:28', '2022-05-27 02:40:28'),
(198, 'Ember Arlo', '-', 7, 6000, 8500, 100, 0, 2, 1, '2022-05-27 02:40:34', '2022-05-27 02:40:34'),
(199, 'Ember TC16 #2', '-', 7, 6500, 8500, 100, 0, 2, 1, '2022-05-27 02:40:40', '2022-05-27 02:40:40'),
(200, 'Ember US15', '-', 7, 6000, 8500, 100, 0, 2, 1, '2022-05-27 02:46:10', '2022-05-27 02:46:10'),
(201, 'Engsel Gomeo 3\"', '-', 7, 8750, 15000, 100, 0, 14, 1, '2022-05-27 02:46:22', '2022-05-27 02:46:22'),
(202, 'Engsel HTC 4\"', '-', 7, 99, 23000, 100, 0, 14, 1, '2022-05-27 02:46:36', '2022-05-27 02:46:36'),
(203, 'Engsel MJP Tipis 2.5\"', '-', 7, 4400, 10000, 100, 0, 14, 1, '2022-05-27 02:46:47', '2022-05-27 02:46:47'),
(204, 'Engsel MJP Tipis 4\"', '-', 7, 5200, 11000, 100, 0, 14, 1, '2022-05-27 02:47:05', '2022-05-27 02:47:05'),
(205, 'Engsel Vico 3\"', '-', 7, 10800, 15000, 100, 0, 14, 1, '2022-05-27 02:47:17', '2022-05-27 02:47:17'),
(206, 'Etalase Gantung Kotak', '-', 7, 99, 38000, 100, 0, 2, 1, '2022-05-27 02:47:23', '2022-05-27 02:47:23'),
(207, 'Fiber Kasa Pelapis', '-', 7, 2500, 3500, 100, 0, 8, 1, '2022-05-27 02:47:30', '2022-05-27 02:47:30'),
(208, 'Foot Klep', '1 1/2”', 7, 99, 18000, 100, 0, 2, 1, '2022-05-27 02:47:37', '2022-05-27 02:47:37'),
(209, 'Foot Klep', '1”', 7, 7000, 12000, 100, 0, 2, 1, '2022-05-27 02:47:43', '2022-05-27 02:47:43'),
(210, 'Foot Klep 1” Best', '-', 7, 7500, 12000, 100, 0, 2, 1, '2022-05-27 02:48:07', '2022-05-27 02:48:07'),
(211, 'Foot Klep', '3/4”', 7, 99, 10000, 100, 0, 2, 1, '2022-05-27 02:48:19', '2022-05-27 02:48:19'),
(212, 'Galvalum', '0.25mm /m', 7, 99, 32000, 100, 0, 2, 1, '2022-05-27 02:48:28', '2022-05-27 02:48:28'),
(213, 'Gamping #1', '-', 7, 99, 7500, 100, 0, 10, 1, '2022-05-27 02:48:38', '2022-05-27 02:48:38'),
(214, 'Gantungan Etalase', '0.25mm /m', 7, 99, 2500, 100, 0, 2, 1, '2022-05-27 02:48:46', '2022-05-27 02:48:46'),
(215, 'Gegep BBCR', '10cm', 7, 99, 20000, 100, 0, 2, 1, '2022-05-27 02:48:56', '2022-05-27 02:48:56'),
(216, 'Gegep DLX', '9”', 7, 15000, 19000, 100, 0, 2, 1, '2022-05-27 02:49:05', '2022-05-27 02:49:05'),
(217, 'Gegep Fukuda', '-', 7, 99, 40000, 100, 0, 2, 1, '2022-05-27 02:49:13', '2022-05-27 02:49:13'),
(218, 'Gegep Good', '10”', 7, 99, 20000, 100, 0, 2, 1, '2022-05-27 02:49:19', '2022-05-27 02:49:19'),
(219, 'Gegep HPP', '-', 7, 19300, 25000, 100, 0, 2, 1, '2022-05-27 02:49:29', '2022-05-27 02:49:29'),
(220, 'Gegep Wanly', '9”', 7, 11250, 15000, 100, 0, 2, 1, '2022-05-27 02:49:36', '2022-05-27 02:49:36'),
(221, 'Gembok Bonucci', '50mm', 7, 14600, 25000, 100, 0, 2, 1, '2022-05-27 02:49:43', '2022-05-27 02:49:43'),
(222, 'Gembok Brabus #2', '-', 7, 99, 14000, 100, 0, 2, 1, '2022-05-27 02:49:50', '2022-05-27 02:49:50'),
(223, 'Gembok Brabus kng D8850', '-', 7, 14000, 17500, 100, 0, 2, 1, '2022-05-27 02:49:57', '2022-05-27 02:49:57'),
(224, 'Gembok Cobra', '50mm', 7, 20000, 27000, 100, 0, 2, 1, '2022-05-27 02:50:04', '2022-05-27 02:50:04'),
(225, 'Gembok Danxiang', '40mm', 7, 15000, 20000, 100, 0, 2, 1, '2022-05-27 02:50:15', '2022-05-27 02:50:15'),
(226, 'Gembok Eiffel', '30mm', 7, 99, 18000, 100, 0, 2, 1, '2022-05-27 02:50:22', '2022-05-27 02:50:22'),
(227, 'Gembok Eiffel', '40mm', 7, 99, 18000, 100, 0, 2, 1, '2022-05-27 02:50:29', '2022-05-27 02:50:29'),
(228, 'Gembok Eiffel', '50mm', 7, 99, 27000, 100, 0, 2, 1, '2022-05-27 02:50:39', '2022-05-27 02:50:39'),
(229, 'Gembok HPP #1', '-', 7, 99, 10000, 100, 0, 2, 1, '2022-05-27 02:50:45', '2022-05-27 02:50:45'),
(230, 'Gembok HPP #1', '30mm', 7, 99, 18000, 100, 0, 2, 1, '2022-05-27 02:50:51', '2022-05-27 02:50:51'),
(231, 'Gembok HPP #1', '40mm', 7, 11650, 20000, 100, 0, 2, 1, '2022-05-27 02:50:58', '2022-05-27 02:50:58'),
(232, 'Gembok HSG #2', '9cm', 7, 99, 18000, 100, 0, 2, 1, '2022-05-27 02:51:04', '2022-05-27 02:51:04'),
(233, 'Gembok Jordan', '50mm', 7, 15400, 23000, 100, 0, 2, 1, '2022-05-27 02:51:11', '2022-05-27 02:51:11'),
(234, 'Gembok Kimora', '40mm', 7, 99, 20000, 100, 0, 2, 1, '2022-05-27 02:51:19', '2022-05-27 02:51:19'),
(235, 'Gembok Kimora', '50mm', 7, 99, 27000, 100, 0, 2, 1, '2022-05-27 02:51:26', '2022-05-27 02:51:26'),
(236, 'Gembok pdk pth', '30mm', 7, 13000, 16000, 100, 0, 2, 1, '2022-05-27 02:51:33', '2022-05-27 02:51:33'),
(237, 'Gembok Plg Kecil', '-', 7, 99, 5000, 100, 0, 2, 1, '2022-05-27 02:51:40', '2022-05-27 02:51:40'),
(238, 'Genteng Kaca Modak', '-', 7, 99, 15000, 100, 0, 2, 1, '2022-05-27 02:51:50', '2022-05-27 02:51:50'),
(239, 'Genteng Kaca Mantili', '-', 7, 99, 15000, 100, 0, 2, 1, '2022-05-27 02:51:57', '2022-05-27 02:51:57'),
(240, 'Genteng Kaca Mantili Jumbo', '-', 7, 99, 17500, 100, 0, 2, 1, '2022-05-27 02:52:04', '2022-05-27 02:52:04'),
(241, 'Genteng Kerpus #1', '-', 7, 99, 15000, 100, 0, 2, 1, '2022-05-27 02:52:10', '2022-05-27 02:52:10'),
(242, 'Genteng Kerpus #2', '-', 7, 3000, 5000, 100, 0, 2, 1, '2022-05-27 02:52:17', '2022-05-27 02:52:17'),
(243, 'Genteng Kerpus #2', '-', 7, 3000, 5000, 100, 0, 2, 1, '2022-05-27 02:52:25', '2022-05-27 02:52:25'),
(244, 'Genteng Kerpus Ayam', '-', 7, 99, 160000, 100, 0, 2, 1, '2022-05-27 02:52:32', '2022-05-27 02:52:32'),
(245, 'Genteng Kerpus Mahkota #1', '-', 7, 99, 75000, 100, 0, 2, 1, '2022-05-27 02:52:38', '2022-05-27 02:52:38'),
(246, 'Genteng Kerpus Mahkota #2', '-', 7, 99, 160000, 100, 0, 2, 1, '2022-05-27 02:52:45', '2022-05-27 02:52:45'),
(247, 'Genteng Kerpus Mantili #2', '-', 7, 99, 5000, 100, 0, 2, 1, '2022-05-27 02:53:02', '2022-05-27 02:53:02'),
(248, 'Genteng Sm Sokka', '-', 7, 1300, 1500, 100, 0, 2, 1, '2022-05-27 02:53:08', '2022-05-27 02:53:08'),
(249, 'Genteng Sp Mantili', '33x25', 7, 1600, 1800, 100, 0, 2, 1, '2022-05-27 02:53:15', '2022-05-27 02:53:15'),
(250, 'Genteng Sp Sokka', '-', 7, 1100, 1300, 100, 0, 2, 1, '2022-05-27 02:53:24', '2022-05-27 02:53:24'),
(251, 'Gergaji Biru #1', '-', 7, 99, 2500, 100, 0, 2, 1, '2022-05-27 02:53:31', '2022-05-27 02:53:31'),
(252, 'Gergaji Blitz', '-', 7, 99, 55000, 100, 0, 2, 1, '2022-05-27 02:53:39', '2022-05-27 02:53:39'),
(253, 'Gergaji MJP', '-', 7, 99, 25000, 100, 0, 2, 1, '2022-05-27 02:53:48', '2022-05-27 02:53:48'),
(254, 'Gergaji Slandex #1', '-', 7, 12900, 17000, 100, 0, 2, 1, '2022-05-27 02:53:55', '2022-05-27 02:53:55'),
(255, 'Gerindra Keramik Bitec', '4”', 7, 99, 65000, 100, 0, 2, 1, '2022-05-27 02:54:07', '2022-05-27 02:54:07'),
(256, 'Gerindra Keramik Bosch', '-', 7, 90000, 95000, 100, 0, 2, 1, '2022-05-27 02:54:16', '2022-05-27 02:54:16'),
(257, 'Gerindra Keramik Viper', '4”', 7, 25000, 30000, 100, 0, 2, 1, '2022-05-27 02:56:45', '2022-05-27 02:56:45'),
(258, 'Grendel Gomeo', '3”', 7, 4000, 7500, 100, 0, 2, 1, '2022-05-27 02:56:52', '2022-05-27 02:56:52'),
(259, 'Grendel Gomeo Stnl', '4”', 7, 4500, 8500, 100, 0, 2, 1, '2022-05-27 02:56:59', '2022-05-27 02:56:59'),
(260, 'Grendel Omco', '2”', 7, 3000, 5000, 100, 0, 2, 1, '2022-05-27 02:57:07', '2022-05-27 02:57:07'),
(261, 'Grendel Overpal Gomeo', '2”', 7, 4000, 6000, 100, 0, 2, 1, '2022-05-27 02:57:16', '2022-05-27 02:57:16'),
(262, 'Grendel Vico', '3”', 7, 99, 3500, 100, 0, 2, 1, '2022-05-27 02:57:25', '2022-05-27 02:57:25'),
(263, 'Greston', '1lt', 7, 99, 22000, 100, 0, 2, 1, '2022-05-27 02:57:33', '2022-05-27 02:57:33'),
(264, 'Gunting Galv. Popeye', '-', 7, 10600, 20000, 100, 0, 2, 1, '2022-05-27 02:57:41', '2022-05-27 02:57:41'),
(265, 'Gunting Galv. Stag', '-', 7, 99, 115000, 100, 0, 2, 1, '2022-05-27 02:57:49', '2022-05-27 02:57:49'),
(266, 'Gunting Galv. Stark', '-', 7, 99, 20000, 100, 0, 2, 1, '2022-05-27 02:57:55', '2022-05-27 02:57:55'),
(267, 'Hak Angin Tombol 80', '-', 7, 7000, 10000, 100, 0, 2, 1, '2022-05-27 02:58:02', '2022-05-27 02:58:02'),
(268, 'Handle Garnet #1', '-', 7, 99, 45000, 100, 0, 2, 1, '2022-05-27 02:58:09', '2022-05-27 02:58:09'),
(269, 'Isolatif #1', '-', 7, 99, 2500, 100, 0, 2, 1, '2022-05-27 02:58:18', '2022-05-27 02:58:18'),
(270, 'Isolatif #2', '-', 7, 4500, 7000, 100, 0, 2, 1, '2022-05-27 02:58:25', '2022-05-27 02:58:25'),
(271, 'Isolatif #2', '-', 7, 4500, 7000, 100, 0, 2, 1, '2022-05-27 02:58:34', '2022-05-27 02:58:34'),
(272, 'Jet Shower Bano', '-', 7, 46000, 60000, 100, 0, 2, 1, '2022-05-27 02:58:41', '2022-05-27 02:58:41'),
(273, 'Kalsibot', '120x 240', 7, 50000, 55000, 100, 0, 8, 1, '2022-05-27 02:58:47', '2022-05-27 02:58:47'),
(274, 'Kalsibot', '120x 240 #H2', 7, 45000, 52000, 100, 0, 8, 1, '2022-05-27 02:58:53', '2022-05-27 02:58:53'),
(275, 'Kalsium Prima org', '-', 7, 99, 15000, 100, 0, 10, 1, '2022-05-27 02:59:00', '2022-05-27 02:59:00'),
(276, 'Kaos Tangan Kaki', '-', 7, 99, 4000, 100, 0, 14, 1, '2022-05-27 02:59:10', '2022-05-27 02:59:10'),
(277, 'Karet Ban', '-', 7, 1600, 2500, 100, 0, 2, 1, '2022-05-27 02:59:17', '2022-05-27 02:59:17'),
(278, 'Karet Ring Asbes', '-', 7, 99, 3000, 100, 2, 8, 1, '2022-05-27 02:59:27', '2022-06-03 06:42:14'),
(279, 'Karpet Talang', '60cm', 7, 7500, 12000, 100, 0, 7, 1, '2022-05-27 02:59:33', '2022-05-27 02:59:33'),
(280, 'Karpet Talang', '70cm', 7, 99, 14000, 100, 0, 7, 1, '2022-05-27 02:59:40', '2022-05-27 02:59:40'),
(281, 'Karpet Talang  Tipis', '70cm', 7, 99, 12000, 100, 0, 7, 1, '2022-05-27 02:59:48', '2022-05-27 02:59:48'),
(282, 'Karpet Talang  Tipis', '80cm', 7, 99, 16000, 100, 0, 7, 1, '2022-05-27 02:59:54', '2022-05-27 02:59:54'),
(283, 'Karpet Talang  Tipis', '90cm', 7, 11500, 17500, 100, 0, 7, 1, '2022-05-27 03:00:03', '2022-05-27 03:00:03'),
(284, 'Kawat BWG pth', '90cm', 7, 17250, 25000, 100, 0, 6, 1, '2022-05-27 03:00:13', '2022-05-27 03:00:13'),
(285, 'Kawat Las Enka NK68', '5kg', 7, 90000, 100000, 100, 0, 15, 1, '2022-05-27 03:00:22', '2022-05-27 03:00:22'),
(286, 'Kawat Las Niko RD260', '2kg', 7, 58000, 67000, 100, 0, 15, 1, '2022-05-27 03:00:28', '2022-05-27 03:00:28'),
(287, 'Kawat Las Niko RD460', '2kg', 7, 51000, 57000, 100, 0, 15, 1, '2022-05-27 03:00:35', '2022-05-27 03:00:35'),
(288, 'Kawat Ram Parabola', '-', 7, 99, 20000, 100, 0, 7, 1, '2022-05-27 03:00:44', '2022-05-27 03:00:44'),
(289, 'Kawat Ram Rapat', '90cm', 7, 12750, 16000, 100, 0, 7, 1, '2022-05-27 03:00:51', '2022-05-27 03:00:51'),
(290, 'Kawat Ram Rapat', '90cm /10m', 7, 127500, 140000, 100, 0, 16, 1, '2022-05-27 03:03:47', '2022-05-27 03:03:47'),
(291, 'Kawat Ram Renggang', '90cm', 7, 9500, 13000, 100, 0, 7, 1, '2022-05-27 03:04:02', '2022-05-27 03:04:02'),
(292, 'Kawat Ram Renggang', '90cm /10m', 7, 95000, 105000, 100, 0, 16, 1, '2022-05-27 03:04:12', '2022-05-27 03:04:12'),
(293, 'Keramik Ddg', '-', 7, 99, 60000, 100, 0, 15, 1, '2022-05-27 03:04:21', '2022-05-27 03:04:21'),
(294, 'Keramik Lantai', '30x 30cm', 7, 99, 55000, 100, 0, 15, 1, '2022-05-27 03:04:31', '2022-05-27 03:04:31'),
(295, 'Kereta Drg', '-', 7, 99, 480000, 100, 0, 2, 1, '2022-05-27 03:05:16', '2022-05-27 03:05:16'),
(296, 'Kereta Drg Artco', '-', 7, 535000, 635000, 100, 0, 2, 1, '2022-05-27 03:05:26', '2022-05-27 03:05:26'),
(297, 'Kereta Drg JK', '-', 7, 450000, 550000, 100, 0, 2, 1, '2022-05-27 03:05:43', '2022-05-27 03:05:43'),
(298, 'Kereta Drg Stanic', '-', 7, 350000, 450000, 100, 0, 2, 1, '2022-05-27 03:05:49', '2022-05-27 03:05:49'),
(299, 'Kereta Drg Varvala', '-', 7, 450000, 550000, 100, 0, 2, 1, '2022-05-27 03:06:34', '2022-05-27 03:06:34'),
(300, 'Kikir Blitz', '-', 7, 7900, 12000, 100, 0, 2, 1, '2022-05-27 03:06:43', '2022-05-27 03:06:43'),
(301, 'Kincir Saringan', '-', 7, 9000, 12000, 100, 0, 2, 1, '2022-05-27 03:30:20', '2022-05-27 03:30:20'),
(302, 'Klem #1', '-', 7, 99, 6500, 100, 0, 13, 1, '2022-05-27 03:30:29', '2022-05-27 03:30:29'),
(303, 'Klem #17', '-', 7, 7000, 12000, 100, 0, 13, 1, '2022-05-27 03:30:37', '2022-05-27 03:30:37'),
(304, 'Klem Pls', '1”', 7, 99, 1000, 100, 0, 2, 1, '2022-05-27 03:30:45', '2022-05-27 03:30:45'),
(305, 'Klem Pls', '5/8”', 7, 99, 500, 100, 0, 2, 1, '2022-05-27 03:30:52', '2022-05-27 03:30:52'),
(306, 'Kloset Duduk', '-', 7, 99, 1500000, 100, 0, 2, 1, '2022-05-27 03:31:00', '2022-05-27 03:31:00'),
(307, 'Kloset Jongkok', '-', 7, 99, 150000, 100, 0, 2, 1, '2022-05-27 03:31:10', '2022-05-27 03:31:10'),
(308, 'Knir Gomeo', '3”x2.5”', 7, 99, 15000, 100, 0, 2, 1, '2022-05-27 03:31:23', '2022-05-27 03:31:23'),
(309, 'Knir Hinges', '3”x2.5”', 7, 99, 12000, 100, 0, 2, 1, '2022-05-27 03:31:38', '2022-05-27 03:31:38'),
(310, 'Kran Amico', '1/2”', 7, 10400, 15000, 100, 0, 2, 1, '2022-05-27 03:32:06', '2022-05-27 03:32:06'),
(311, 'Kran Amico', '3/4”', 7, 13250, 18000, 100, 0, 2, 1, '2022-05-27 03:32:17', '2022-05-27 03:32:17'),
(312, 'Kran Angsa Pls Paris', '-', 7, 99, 40000, 100, 0, 2, 1, '2022-05-27 03:32:25', '2022-05-27 03:32:25'),
(313, 'Kran Angsa Sanitary Wr', '-', 7, 99, 90000, 100, 0, 2, 1, '2022-05-27 03:32:33', '2022-05-27 03:32:33'),
(314, 'Kran Besi', '3/4', 7, 99, 17500, 100, 0, 2, 1, '2022-05-27 03:32:41', '2022-05-27 03:32:41'),
(315, 'Kran Besi HSJ', '1/2\"', 7, 99, 12500, 100, 0, 2, 1, '2022-05-27 03:32:48', '2022-05-27 03:32:48'),
(316, 'Kran Besi HSJ', '3/4\"', 7, 99, 15000, 100, 0, 2, 1, '2022-05-27 03:32:57', '2022-05-27 03:32:57'),
(317, 'Kran Hioshi', '3/4\"', 7, 13300, 18000, 100, 0, 2, 1, '2022-05-27 03:33:04', '2022-05-27 03:33:04'),
(318, 'Kran HPP', '-', 7, 6900, 12000, 100, 0, 2, 1, '2022-05-27 03:33:10', '2022-05-27 03:33:10'),
(319, 'Kran HSS', '1/2\"', 7, 8000, 12000, 100, 0, 2, 1, '2022-05-27 03:33:26', '2022-05-27 03:33:26'),
(320, 'Kran Besi HSJ', '3/4\"', 7, 8000, 12000, 100, 0, 2, 1, '2022-05-27 03:33:40', '2022-05-27 03:33:40'),
(321, 'Kran IGM Besi', '1/2”, 3/4\"', 7, 13000, 21000, 100, 0, 2, 1, '2022-05-27 03:33:48', '2022-05-27 03:33:48'),
(322, 'Kran Jovan', '1/2\"', 7, 8200, 12000, 100, 0, 2, 1, '2022-05-27 03:33:56', '2022-05-27 03:33:56'),
(323, 'Kran Narita', '1/2\"', 7, 8300, 13000, 100, 0, 2, 1, '2022-05-27 03:34:05', '2022-05-27 03:34:05'),
(324, 'Kran Narita', '3/4\"', 7, 8750, 14000, 100, 0, 2, 1, '2022-05-27 03:34:14', '2022-05-27 03:34:14'),
(325, 'Kricak', '-', 7, 250000, 300000, 100, 0, 17, 1, '2022-05-27 03:35:15', '2022-05-27 03:35:15'),
(326, 'Kricak', '-', 7, 99, 40000, 100, 0, 10, 1, '2022-05-27 03:35:23', '2022-05-27 03:35:23'),
(327, 'Kricak', '-', 7, 99, 5000, 100, 0, 18, 1, '2022-05-27 03:35:32', '2022-05-27 03:35:32'),
(328, 'Kricak 1 Rit Colt', '-', 7, 99, 450000, 100, 0, 9, 1, '2022-05-27 03:35:41', '2022-05-27 03:35:41'),
(329, 'Kricak 1 Rit Truk', '-', 7, 1600000, 1750000, 100, 0, 9, 1, '2022-05-27 03:35:51', '2022-05-27 03:35:51'),
(330, 'Kuas', '1”', 7, 1700, 3000, 100, 0, 2, 1, '2022-05-27 03:35:58', '2022-05-27 03:35:58'),
(331, 'Kuas', '2”', 7, 2900, 4500, 100, 0, 2, 1, '2022-05-27 03:36:05', '2022-05-27 03:36:05'),
(332, 'Kuas Cat', '1 1/2”', 7, 2400, 4000, 100, 0, 2, 1, '2022-05-27 03:36:12', '2022-05-27 03:36:12'),
(333, 'Kuas Cat', '2 1/2”', 7, 99, 5000, 100, 0, 2, 1, '2022-05-27 03:36:22', '2022-05-27 03:36:22'),
(334, 'Kuas Cat', '3”', 7, 99, 7000, 100, 0, 2, 1, '2022-05-27 03:36:29', '2022-05-27 03:36:29'),
(335, 'Kuas Cat', '4”', 7, 99, 8500, 100, 0, 2, 1, '2022-05-27 03:36:39', '2022-05-27 03:36:39'),
(336, 'Kuas DS', '2 1/2”', 7, 7920, 9500, 100, 0, 2, 1, '2022-05-27 03:36:50', '2022-05-27 03:36:50'),
(337, 'Kuas Eslon', '2”', 7, 3000, 4500, 100, 0, 2, 1, '2022-05-27 03:36:58', '2022-05-27 03:36:58'),
(338, 'Kuas Good', '4”', 7, 7000, 8500, 100, 0, 2, 1, '2022-05-27 03:37:08', '2022-05-27 03:37:08'),
(339, 'Kuas GRT', '1 1/2”', 7, 2330, 4000, 100, 0, 2, 1, '2022-05-27 03:37:15', '2022-05-27 03:37:15'),
(340, 'Kuas GRT', '2 1/2”', 7, 3850, 5500, 100, 0, 2, 1, '2022-05-27 03:37:24', '2022-05-27 03:37:24'),
(341, 'Kuas GRT', '3”', 7, 5200, 6500, 100, 0, 2, 1, '2022-05-27 03:37:31', '2022-05-27 03:37:31'),
(342, 'Kuas Leon', '1”', 7, 1490, 3000, 100, 0, 2, 1, '2022-05-27 03:37:38', '2022-05-27 03:37:38'),
(343, 'Kuas Pjg', '1”', 7, 99, 99, 100, 0, 2, 1, '2022-05-27 03:37:48', '2022-05-27 03:37:48'),
(344, 'Kuas Starway', '2 1/2”', 7, 3750, 5500, 100, 0, 2, 1, '2022-05-27 03:38:01', '2022-05-27 03:38:01'),
(345, 'Kuas Starway', '3”', 7, 4500, 6500, 100, 0, 2, 1, '2022-05-27 03:38:11', '2022-05-27 03:38:11'),
(346, 'Kuas Starway', '4”', 7, 7000, 8500, 100, 0, 2, 1, '2022-05-27 03:38:19', '2022-05-27 03:38:19'),
(347, 'Kuku Macan', '-', 7, 99, 800, 100, 0, 12, 1, '2022-05-27 03:38:26', '2022-05-27 03:38:26'),
(348, 'Kuku Macan Mgkilap', '-', 7, 99, 1000, 100, 0, 12, 1, '2022-05-27 03:38:32', '2022-05-27 03:38:32'),
(349, 'Kunci Besi Pjg', '-', 7, 99, 15000, 100, 0, 2, 1, '2022-05-27 03:38:43', '2022-05-27 03:38:43'),
(350, 'Kunci Inggris Diamond', '-', 7, 99, 20000, 100, 0, 2, 1, '2022-05-27 03:38:51', '2022-05-27 03:38:51'),
(351, 'Kunci, Handle CAB #1', '-', 7, 99, 75000, 100, 0, 2, 1, '2022-05-27 03:39:00', '2022-05-27 03:39:00'),
(352, 'Kunci, Handle East', '-', 7, 99, 75000, 100, 0, 2, 1, '2022-05-27 03:39:09', '2022-05-27 03:39:09'),
(353, 'Lem Devcon', '-', 7, 37500, 45000, 100, 0, 2, 1, '2022-05-27 03:39:17', '2022-05-27 03:39:17'),
(354, 'Lem Dexton', '-', 7, 15000, 20000, 100, 0, 2, 1, '2022-05-27 03:39:31', '2022-05-27 03:39:31'),
(355, 'Lem Dexton', '12g', 7, 6600, 8500, 100, 0, 2, 1, '2022-05-27 03:39:38', '2022-05-27 03:39:38'),
(356, 'Lem Esaplas #1', '-', 7, 99, 8000, 100, 0, 2, 1, '2022-05-27 03:39:45', '2022-05-27 03:39:45'),
(357, 'Lem Fox', '185g', 7, 99, 99, 100, 0, 5, 1, '2022-05-27 03:39:51', '2022-05-27 03:39:51'),
(358, 'Lem Fox', '20g', 7, 99, 5000, 100, 0, 2, 1, '2022-05-27 03:39:57', '2022-05-27 03:39:57'),
(359, 'Lem Fox', '300g', 7, 99, 42000, 100, 0, 5, 1, '2022-05-27 03:40:03', '2022-05-27 03:40:03'),
(360, 'Lem Fox', '400g', 7, 10000, 13000, 100, 0, 19, 1, '2022-05-27 03:40:10', '2022-05-27 03:40:10'),
(361, 'Lem Fox', '70g', 7, 99, 15000, 100, 0, 5, 1, '2022-05-27 03:40:19', '2022-05-27 03:40:19'),
(362, 'Lem Fox', '800g', 7, 13250, 19000, 100, 0, 19, 1, '2022-05-27 03:40:25', '2022-05-27 03:40:25'),
(363, 'Lem Hensonic', '40g', 7, 5500, 9000, 100, 0, 2, 1, '2022-05-27 03:40:39', '2022-05-27 03:40:39'),
(364, 'Lem Isarplas #1', '-', 7, 8750, 11000, 100, 0, 2, 1, '2022-05-27 03:40:47', '2022-05-27 03:40:47'),
(365, 'Lem Merikan', '-', 7, 12000, 17000, 100, 0, 2, 1, '2022-05-27 03:40:54', '2022-05-27 03:40:54'),
(366, 'Lem PVCPlas', '100g', 7, 99, 15000, 100, 0, 5, 1, '2022-05-27 03:41:02', '2022-05-27 03:41:02'),
(367, 'Lem PVCPlas', '400g', 7, 35500, 40000, 100, 0, 5, 1, '2022-05-27 03:41:11', '2022-05-27 03:41:11'),
(368, 'Lem QBond', '-', 7, 12000, 16000, 100, 0, 2, 1, '2022-05-27 03:41:17', '2022-05-27 03:41:17'),
(369, 'Lem QPlas', '100g', 7, 12000, 15000, 100, 0, 5, 1, '2022-05-27 03:41:24', '2022-05-27 03:41:24'),
(370, 'Mata Bor Goldeno', '3mm', 7, 99, 4000, 100, 0, 2, 1, '2022-05-27 03:41:32', '2022-05-27 03:41:32'),
(371, 'Mata Bor Goldeno', '4mm', 7, 99, 5000, 100, 0, 2, 1, '2022-05-27 03:41:39', '2022-05-27 03:41:39'),
(372, 'Mata Bor IGM', '3mm', 7, 3000, 4000, 100, 0, 2, 1, '2022-05-27 03:41:45', '2022-05-27 03:41:45'),
(373, 'Mata Bor IGM', '4mm', 7, 3200, 5500, 100, 0, 2, 1, '2022-05-27 03:41:58', '2022-05-27 03:41:58'),
(374, 'Mata Bor SunFlower', '3mm', 7, 99, 6000, 100, 0, 2, 1, '2022-05-27 03:42:04', '2022-05-27 03:42:04'),
(375, 'Melamin Pth', '-', 7, 50000, 60000, 100, 0, 8, 1, '2022-05-27 03:42:10', '2022-05-27 03:42:10'),
(376, 'Meteran Essen', '10m', 7, 99, 38000, 100, 0, 2, 1, '2022-05-27 03:42:17', '2022-05-27 03:42:17'),
(377, 'Meteran Essen', '3m', 7, 99, 15000, 100, 0, 2, 1, '2022-05-27 03:42:24', '2022-05-27 03:42:24'),
(378, 'Meteran Essen', '5m', 7, 20800, 25000, 100, 0, 2, 1, '2022-05-27 03:42:35', '2022-05-27 03:42:35'),
(379, 'Meteran Essen', '7.5m', 7, 99, 32000, 100, 0, 2, 1, '2022-05-27 03:42:42', '2022-05-27 03:42:42'),
(380, 'Meteran Hioshi', '7.5m', 7, 26200, 33000, 100, 0, 2, 1, '2022-05-27 03:42:49', '2022-05-27 03:42:49'),
(381, 'Meteran IGM', '7.5m', 7, 99, 17500, 100, 0, 2, 1, '2022-05-27 03:42:56', '2022-05-27 03:42:56'),
(382, 'Meteran Vishe', '5m', 7, 9600, 14000, 100, 0, 2, 1, '2022-05-27 03:43:10', '2022-05-27 03:43:10'),
(383, 'Meteran Vishe', '7.5m', 7, 15800, 21000, 100, 0, 2, 1, '2022-05-27 03:43:19', '2022-05-27 03:43:19'),
(384, 'Mowilek Woodstain', '1lt', 7, 99, 65000, 100, 0, 5, 1, '2022-05-27 03:43:29', '2022-05-27 03:43:29'),
(385, 'No Lumut Bt Candi', '1lt', 7, 69300, 81000, 100, 0, 2, 1, '2022-05-27 03:43:37', '2022-05-27 03:43:37'),
(386, 'No Lumut Doff/Matt', '1lt', 7, 67000, 78000, 100, 0, 5, 1, '2022-05-27 03:43:45', '2022-05-27 03:43:45'),
(387, 'No Lumut Gloss', '1lt', 7, 61200, 71000, 100, 0, 5, 1, '2022-05-27 03:43:52', '2022-05-27 03:43:52'),
(388, 'No Lumut Natural', '1lt', 7, 67000, 78000, 100, 0, 5, 1, '2022-05-27 03:44:00', '2022-05-27 03:44:00'),
(389, 'Obeng +- Amerika', '20cm', 7, 99, 15000, 100, 0, 2, 1, '2022-05-27 03:44:17', '2022-05-27 03:44:17'),
(390, 'Outlet Bak New Star', '-', 7, 4200, 7000, 100, 0, 2, 1, '2022-05-27 03:44:22', '2022-05-27 03:44:22'),
(391, 'Overpal', '2”', 7, 99, 99, 100, 0, 2, 1, '2022-05-27 03:44:29', '2022-05-27 03:44:29'),
(392, 'Paku Nail 2000', '1”', 7, 12500, 17000, 100, 0, 2, 1, '2022-05-27 03:44:36', '2022-05-27 03:44:36'),
(393, 'Palu #10', '-', 7, 99, 60000, 100, 0, 2, 1, '2022-05-27 03:44:42', '2022-05-27 03:44:42'),
(394, 'Palu AW5', '-', 7, 22000, 32000, 100, 0, 2, 1, '2022-05-27 03:44:48', '2022-05-27 03:44:48'),
(395, 'Palu Diamond #1', '-', 7, 99, 13000, 100, 0, 2, 1, '2022-05-27 03:44:53', '2022-05-27 03:44:53'),
(396, 'Palu Diamond #2', '-', 7, 99, 15000, 100, 0, 2, 1, '2022-05-27 03:44:59', '2022-05-27 03:44:59'),
(397, 'Palu Keramik', '-', 7, 99, 99, 100, 0, 2, 1, '2022-05-27 03:45:06', '2022-05-27 03:45:06'),
(398, 'Palu Paorisonic #1', '-', 7, 99, 15000, 100, 0, 2, 1, '2022-05-27 03:45:15', '2022-05-27 03:45:15'),
(399, 'Palu Paorisonic #2', '-', 7, 99, 25000, 100, 0, 2, 1, '2022-05-27 03:45:23', '2022-05-27 03:45:23'),
(400, 'Palu Paorisonic #3', '-', 7, 99, 30000, 100, 0, 2, 1, '2022-05-27 03:45:33', '2022-05-27 03:45:33'),
(401, 'Palu Texas #2', '-', 7, 99, 25000, 100, 0, 2, 1, '2022-05-27 03:45:40', '2022-05-27 03:45:40'),
(402, 'Papan Cor', '-', 7, 6500, 8000, 100, 0, 2, 1, '2022-05-27 03:45:47', '2022-05-27 03:45:47'),
(403, 'Pasir', '-', 7, 99, 35000, 100, 0, 10, 1, '2022-05-27 03:45:54', '2022-05-27 03:45:54'),
(404, 'Pasir', '-', 7, 99, 5000, 100, 0, 18, 1, '2022-05-27 03:46:13', '2022-05-27 03:46:13'),
(405, 'Pasir', '1 kubik', 7, 220000, 250000, 100, 0, 17, 1, '2022-05-27 03:46:25', '2022-05-27 03:46:25'),
(406, 'Pasir 1 Rit Colt #H2', '-', 7, 99, 360000, 100, 0, 9, 1, '2022-05-27 03:46:33', '2022-05-27 03:46:33'),
(407, 'Pasir 1 Rit', '/1,4 Kubik', 7, 99, 375000, 100, 0, 9, 1, '2022-05-27 03:46:42', '2022-05-27 03:46:42'),
(408, 'Pasir 1 Rit Truk', '-', 7, 1350000, 1450000, 100, 0, 9, 1, '2022-05-27 03:47:05', '2022-05-27 03:47:05'),
(409, 'Patok', '-', 7, 99, 10000, 100, 0, 2, 1, '2022-05-27 03:47:31', '2022-05-27 03:47:31'),
(410, 'Paving Sg4, 50', '-', 7, 99, 60000, 100, 0, 20, 1, '2022-05-27 03:55:09', '2022-05-27 03:55:09'),
(411, 'Paving Sg6, 60', '-', 7, 99, 40000, 100, 0, 20, 1, '2022-05-27 03:55:21', '2022-05-27 03:55:21'),
(412, 'Pegangan Rol Cat', '-', 7, 99, 6000, 100, 0, 2, 1, '2022-05-27 03:55:27', '2022-05-27 03:55:27'),
(413, 'Pelitur Boyo', '0.5kg', 7, 99, 42000, 100, 0, 5, 1, '2022-05-27 03:55:35', '2022-05-27 03:55:35'),
(414, 'Pelitur Staniqua', '0.5kg', 7, 99, 42000, 100, 0, 5, 1, '2022-05-27 03:55:43', '2022-05-27 03:55:43'),
(415, 'Pelitur Staniqua', '1kg', 7, 99, 72000, 100, 0, 5, 1, '2022-05-27 03:55:52', '2022-05-27 03:55:52'),
(416, 'Pintu KM', '-', 7, 99, 230000, 100, 0, 2, 1, '2022-05-27 03:55:59', '2022-05-27 03:55:59'),
(417, 'Plamir', '1kg', 7, 99, 17000, 100, 0, 6, 1, '2022-05-27 03:56:05', '2022-05-27 03:56:05'),
(418, 'Plamir', '4kg', 7, 99, 43000, 100, 0, 6, 1, '2022-05-27 03:56:11', '2022-05-27 03:56:11'),
(419, 'Plastik Bata', '-', 7, 99, 75000, 100, 0, 13, 1, '2022-05-27 03:56:17', '2022-05-27 03:56:17'),
(420, 'Plastik Bata Kijang 06', '10m', 7, 20000, 30000, 100, 0, 13, 1, '2022-05-27 03:56:25', '2022-05-27 03:56:25'),
(421, 'Plastik Bata Kijang 06', '25m', 7, 40000, 50000, 100, 0, 13, 1, '2022-05-27 03:56:31', '2022-05-27 03:56:31'),
(422, 'Plat Beton #H2', '-', 7, 99, 55000, 100, 0, 2, 1, '2022-05-27 03:56:42', '2022-05-27 03:56:42'),
(423, 'Plat Beton', '50x 120', 7, 99, 60000, 100, 0, 2, 1, '2022-05-27 03:57:07', '2022-05-27 03:57:07'),
(424, 'Plat Beton', '60x 100', 7, 35000, 60000, 100, 0, 2, 1, '2022-05-27 03:57:16', '2022-05-27 03:57:16'),
(425, 'PVC Gelombang', '80x 180', 7, 99, 55000, 100, 0, 8, 1, '2022-05-27 03:57:24', '2022-05-27 03:57:24'),
(426, 'PVC Gelombang', '80x 210', 7, 99, 60000, 100, 0, 8, 1, '2022-05-27 03:57:34', '2022-05-27 03:57:34'),
(427, 'Reng Baja Ringan', '-', 7, 99, 32000, 100, 0, 2, 1, '2022-05-27 03:57:47', '2022-05-27 03:57:47'),
(428, 'Resvo', '0.8lt', 7, 99, 45000, 100, 0, 2, 1, '2022-05-27 03:57:57', '2022-05-27 03:57:57'),
(429, 'Ring Baut Htm', '-', 7, 99, 150, 100, 0, 2, 1, '2022-05-27 03:58:05', '2022-05-27 03:58:05'),
(430, 'Roda Pagar', '7cm', 7, 99, 19000, 100, 0, 2, 1, '2022-05-27 03:58:12', '2022-05-27 03:58:12'),
(431, 'Roda Pagar Blinken', '13cm', 7, 99, 35000, 100, 0, 2, 1, '2022-05-27 03:58:21', '2022-05-27 03:58:21'),
(432, 'Roda Pagar Blinken Gk Muter', '13cm', 7, 99, 30000, 100, 0, 2, 1, '2022-05-27 03:58:28', '2022-05-27 03:58:28'),
(433, 'Rol Cat #1', '-', 7, 99, 10000, 100, 0, 2, 1, '2022-05-27 03:58:36', '2022-05-27 03:58:36'),
(434, 'Rol Cat #2', '-', 7, 99, 12000, 100, 0, 2, 1, '2022-05-27 03:58:44', '2022-05-27 03:58:44'),
(435, 'Rol Cat Isi Ulg #1', '-', 7, 99, 6000, 100, 0, 2, 1, '2022-05-27 03:58:50', '2022-05-27 03:58:50'),
(436, 'Roskam Besi', '/plastik', 7, 99, 15000, 100, 0, 2, 1, '2022-05-27 03:58:56', '2022-05-27 03:58:56'),
(437, 'Roskam Faiz Pls', '-', 7, 7000, 15000, 100, 0, 2, 1, '2022-05-27 03:59:04', '2022-05-27 03:59:04'),
(438, 'Rubbing Compound', '1kg', 7, 99, 70000, 100, 0, 5, 1, '2022-05-27 03:59:13', '2022-05-27 03:59:13'),
(439, 'Sak', '-', 7, 2500, 3000, 100, 0, 2, 1, '2022-05-27 03:59:25', '2022-05-27 03:59:25'),
(440, 'Sandaran Jendela Stark', '-', 7, 99, 7500, 100, 0, 2, 1, '2022-05-27 03:59:36', '2022-05-27 03:59:36'),
(441, 'Sanitary Ware Faucet', '-', 7, 99, 32000, 100, 0, 2, 1, '2022-05-27 03:59:45', '2022-05-27 03:59:45'),
(442, 'Sarung Tangan Kasar', '-', 7, 2500, 4000, 100, 0, 14, 1, '2022-05-27 03:59:52', '2022-05-27 03:59:52'),
(443, 'Sekop', '-', 7, 41600, 55000, 100, 0, 2, 1, '2022-05-27 03:59:59', '2022-05-27 03:59:59'),
(444, 'Sekop Crocodile', '-', 7, 30000, 45000, 100, 0, 2, 1, '2022-05-27 04:00:05', '2022-05-27 04:00:05'),
(445, 'Selang', '1/2”', 7, 99, 99, 100, 0, 16, 1, '2022-05-27 04:00:12', '2022-05-27 04:00:12'),
(446, 'Selang', '1/2”', 7, 99, 6000, 100, 0, 7, 1, '2022-05-27 04:00:18', '2022-05-27 04:00:18'),
(447, 'Selang', '3/4”', 7, 99, 99, 100, 0, 16, 1, '2022-05-27 04:00:25', '2022-05-27 04:00:25'),
(448, 'Selang', '3/4”', 7, 6360, 8500, 100, 0, 7, 1, '2022-05-27 04:00:33', '2022-05-27 04:00:33'),
(449, 'Selang Miliard', '1 1/4”', 7, 99, 480000, 100, 0, 16, 1, '2022-05-27 04:00:44', '2022-05-27 04:00:44'),
(450, 'Selang Miliard', '1 1/4”', 7, 99, 14000, 100, 0, 7, 1, '2022-05-27 04:00:53', '2022-05-27 04:00:53'),
(451, 'Selang Miliard', '1 1/4”', 7, 99, 8000, 100, 0, 7, 1, '2022-05-27 04:00:59', '2022-05-27 04:00:59'),
(452, 'Selang MPoin', '1”', 7, 8520, 11000, 100, 0, 7, 1, '2022-05-27 04:01:07', '2022-05-27 04:01:07'),
(453, 'Selang MPoin', '3/4”', 7, 6360, 8500, 100, 0, 7, 1, '2022-05-27 04:01:15', '2022-05-27 04:01:15'),
(454, 'Selang Pth kcl', '-', 7, 1500, 2000, 100, 0, 7, 1, '2022-05-27 04:01:22', '2022-05-27 04:01:22'),
(455, 'Selang Trilliun', '5/8”', 7, 99, 4500, 100, 0, 7, 1, '2022-05-27 04:01:28', '2022-05-27 04:01:28'),
(456, 'Semprotan Air Hioshi', '-', 7, 99, 45000, 100, 0, 2, 1, '2022-05-27 04:01:39', '2022-05-27 04:01:39'),
(457, 'Semprotan Air Popeye', '-', 7, 99, 20000, 100, 0, 2, 1, '2022-05-27 04:01:45', '2022-05-27 04:01:45'),
(458, 'Seng Gelombang', '80x180', 7, 52500, 60000, 100, 0, 2, 1, '2022-05-27 04:01:52', '2022-05-27 04:01:52'),
(459, 'Seng Gelombang', '80x210', 7, 99, 54000, 100, 0, 2, 1, '2022-05-27 04:02:06', '2022-05-27 04:02:06'),
(460, 'Seng Gelombang', '80x240”', 7, 99, 63000, 100, 0, 2, 1, '2022-05-27 04:02:15', '2022-05-27 04:02:15'),
(461, 'Seng Gelombang', '80x300”', 7, 99, 76000, 100, 0, 2, 1, '2022-05-27 04:02:23', '2022-05-27 04:02:23'),
(462, 'Serlak bwt Pelitur', '-', 7, 99, 30000, 100, 0, 21, 1, '2022-05-27 04:02:31', '2022-05-27 04:02:31'),
(463, 'Sewa Derek', '-', 7, 99, 50000, 100, 0, 22, 1, '2022-05-27 04:02:38', '2022-05-27 04:02:38'),
(464, 'Sikat Baja', '-', 7, 99, 10000, 100, 0, 2, 1, '2022-05-27 04:02:46', '2022-05-27 04:02:46'),
(465, 'Skrup Besi', '-', 7, 99, 10000, 100, 0, 2, 1, '2022-05-27 04:02:54', '2022-05-27 04:02:54'),
(466, 'Skrup Pls #1', '-', 7, 99, 4000, 100, 0, 2, 1, '2022-05-27 04:03:03', '2022-05-27 04:03:03'),
(467, 'Skrup Pls #2', '-', 7, 99, 5000, 100, 0, 2, 1, '2022-05-27 04:03:10', '2022-05-27 04:03:10'),
(468, 'Soda Api #3', '-', 7, 99, 20000, 100, 0, 2, 1, '2022-05-27 04:03:16', '2022-05-27 04:03:16'),
(469, 'Spiritus #1', '-', 7, 99, 2000, 100, 0, 23, 1, '2022-05-27 04:03:26', '2022-05-27 04:03:26'),
(470, 'Spiritus #3', '-', 7, 99, 14000, 100, 0, 23, 1, '2022-05-27 04:03:36', '2022-05-27 04:03:36'),
(471, 'Spiritus', '1lt', 7, 17000, 19000, 100, 0, 23, 1, '2022-05-27 04:03:46', '2022-05-27 04:03:46'),
(472, 'Spiritus', '500ml', 7, 8000, 10000, 100, 0, 23, 1, '2022-05-27 04:03:53', '2022-05-27 04:03:53'),
(473, 'Spiritus Commal', '-', 7, 13000, 15000, 100, 0, 19, 1, '2022-05-27 04:04:01', '2022-05-27 04:04:01'),
(474, 'Stop Kran', '1”', 7, 99, 99, 100, 0, 2, 1, '2022-05-27 04:04:09', '2022-05-27 04:04:09'),
(475, 'Stop Kran Blitz 1/2\" Besi', '-', 7, 99, 99, 100, 0, 2, 1, '2022-05-27 04:04:18', '2022-05-27 04:04:18'),
(476, 'Stop Kran Blitz 3/4\" Besi', '-', 7, 22000, 27000, 100, 0, 2, 1, '2022-05-27 04:04:24', '2022-05-27 04:04:24'),
(477, 'Stop Kran HPP 3/4\"', '-', 7, 99, 17000, 100, 0, 2, 1, '2022-05-27 04:04:31', '2022-05-27 04:04:31'),
(478, 'Stop Kran HPP 3/4\" Besi', '-', 7, 99, 20000, 100, 0, 2, 1, '2022-05-27 04:04:38', '2022-05-27 04:04:38'),
(479, 'Stop Kran National1”', '-', 7, 21250, 27000, 100, 0, 2, 1, '2022-05-27 04:04:45', '2022-05-27 04:04:45'),
(480, 'Stop Kran Wilz 1/2\"', '-', 7, 12000, 19000, 100, 0, 2, 1, '2022-05-27 04:04:52', '2022-05-27 04:04:52'),
(481, 'Stop Kran Wilz 3/4\"', '-', 7, 15000, 22000, 100, 0, 2, 1, '2022-05-27 04:04:58', '2022-05-27 04:04:58'),
(482, 'T Dus Listrik', '-', 7, 99, 1500, 100, 0, 2, 1, '2022-05-27 04:05:07', '2022-05-27 04:05:07'),
(483, 'T Pth', '5/8\"', 7, 99, 1000, 100, 0, 2, 1, '2022-05-27 04:05:19', '2022-05-27 04:05:19'),
(484, 'Talang 1/2 O', '-', 7, 42000, 47000, 100, 0, 1, 1, '2022-05-27 04:05:26', '2022-06-07 18:55:54'),
(485, 'Talang Galvalum', '60cm', 7, 23500, 30000, 100, 0, 7, 1, '2022-05-27 04:05:33', '2022-05-27 04:05:33'),
(486, 'Talang Galvalum', '70cm', 7, 99, 37000, 100, 0, 7, 1, '2022-05-27 04:05:40', '2022-05-27 04:05:40'),
(487, 'Talang Galvalum', '80cm', 7, 99, 38000, 100, 0, 7, 1, '2022-05-27 04:05:49', '2022-05-27 04:05:49');
INSERT INTO `items` (`id`, `name_item`, `volume`, `category_id`, `price_purchase`, `price_sell`, `qty_stock`, `qty_sold`, `unit_id`, `status`, `created_at`, `updated_at`) VALUES
(488, 'Talang Galvalum', '90cm', 7, 35500, 41000, 100, 0, 7, 1, '2022-05-27 04:05:55', '2022-05-27 04:05:55'),
(489, 'Talang Kontak PVC', '-', 7, 45000, 52000, 100, 0, 1, 1, '2022-05-27 04:06:03', '2022-05-27 04:06:03'),
(490, 'Tali Tampar kcl', '-', 7, 7000, 12000, 100, 0, 4, 1, '2022-05-27 04:06:10', '2022-05-27 04:06:10'),
(491, 'Tali Tampar tg', '-', 7, 99, 2000, 100, 0, 7, 1, '2022-05-27 04:06:20', '2022-05-27 04:06:20'),
(492, 'Tali Tampar tg', '1kg', 7, 43000, 70000, 100, 0, 6, 1, '2022-05-27 04:06:38', '2022-05-27 04:06:38'),
(493, 'Tampar bsr', '-', 7, 4000, 6000, 100, 0, 7, 1, '2022-05-27 04:06:46', '2022-05-27 04:06:46'),
(494, 'Tandon Penguin', '650lt', 7, 1050000, 1150000, 100, 0, 2, 1, '2022-05-27 04:06:53', '2022-05-27 04:06:53'),
(495, 'Tandon Tandone', '550lt', 7, 930000, 1030000, 100, 0, 2, 1, '2022-05-27 04:06:59', '2022-05-27 04:06:59'),
(496, 'Tang Palazzo', '200mm', 7, 99, 18000, 100, 0, 2, 1, '2022-05-27 04:07:08', '2022-05-27 04:07:08'),
(497, 'Tang Viola', '-', 7, 99, 18000, 100, 0, 2, 1, '2022-05-27 04:07:15', '2022-05-27 04:07:15'),
(498, 'Tempat Cuci Piring', '200mm', 7, 99, 150000, 100, 0, 2, 1, '2022-05-27 04:07:27', '2022-05-27 04:07:27'),
(499, 'Terpal', '4x6', 7, 99, 192000, 100, 0, 2, 1, '2022-05-27 04:07:34', '2022-05-27 04:07:34'),
(500, 'Terpal', '6x8', 7, 99, 354000, 100, 0, 24, 1, '2022-05-27 04:07:40', '2022-05-27 04:07:40'),
(501, 'Terpal Meteran', '-', 7, 99, 15000, 100, 0, 7, 1, '2022-05-27 04:07:51', '2022-05-27 04:07:51'),
(502, 'Triplek', '18mm', 7, 99, 225000, 100, 0, 8, 1, '2022-05-27 04:08:02', '2022-05-27 04:08:02'),
(503, 'Triplek', '3mm', 7, 50000, 65000, 100, 0, 8, 1, '2022-05-27 04:08:08', '2022-05-27 04:08:08'),
(504, 'Triplek', '4mm', 7, 99, 68000, 100, 0, 8, 1, '2022-05-27 04:08:14', '2022-05-27 04:08:14'),
(505, 'Triplek', '6mm', 7, 70000, 80000, 100, 0, 8, 1, '2022-05-27 11:59:11', '2022-05-27 11:59:11'),
(506, 'Triplek', '8mm', 7, 88000, 95000, 100, 0, 8, 1, '2022-05-27 11:59:26', '2022-05-27 11:59:26'),
(507, 'Triplek Coklat', '-', 7, 99, 75000, 100, 0, 8, 1, '2022-05-27 12:02:41', '2022-05-27 12:02:41'),
(508, 'Triplek Melamin Pth', '-', 7, 50000, 60000, 100, 0, 8, 1, '2022-05-27 12:02:50', '2022-05-27 12:02:50'),
(509, 'Tutup Talang Kotak PVC', '-', 7, 99, 6000, 100, 0, 2, 1, '2022-05-27 12:02:57', '2022-05-27 12:02:57'),
(510, 'Ungkal', '-', 7, 99, 12000, 100, 0, 2, 1, '2022-05-27 12:03:12', '2022-05-27 12:03:12'),
(511, 'Viplast', '-', 7, 99, 10000, 100, 0, 2, 1, '2022-05-27 12:03:18', '2022-05-27 12:03:18'),
(512, 'Waring', '-', 7, 3000, 5000, 100, 0, 7, 1, '2022-05-27 12:03:40', '2022-05-27 12:03:40'),
(513, 'Waterpass', '-', 7, 65000, 70000, 100, 0, 2, 1, '2022-05-27 12:03:50', '2022-05-27 12:03:50'),
(514, 'Paku', '<3cm', 8, 19200, 29000, 100, 0, 6, 1, '2022-05-27 12:04:00', '2022-05-27 12:04:00'),
(515, 'Paku', '>3cm', 8, 22000, 27000, 100, 0, 6, 1, '2022-05-27 12:04:09', '2022-05-27 12:04:09'),
(516, 'Paku Bengkirai', '-', 8, 17000, 20000, 100, 0, 6, 1, '2022-05-27 12:04:17', '2022-05-27 12:04:17'),
(517, 'Paku Beton', '10cm', 8, 400, 700, 100, 0, 2, 1, '2022-05-27 12:04:28', '2022-05-27 12:04:28'),
(518, 'Paku Beton Kng', '6cm', 8, 99, 600, 100, 0, 2, 1, '2022-05-27 12:04:44', '2022-05-27 12:04:44'),
(519, 'Paku Kalsibot', '-', 8, 99, 30000, 100, 0, 6, 1, '2022-05-27 12:04:51', '2022-05-27 12:04:51'),
(520, 'Paku Payung', '-', 8, 99, 32000, 100, 0, 6, 1, '2022-05-27 12:04:57', '2022-05-27 12:04:57'),
(521, 'Paku Pth', '5cm', 8, 99, 24000, 100, 0, 6, 1, '2022-05-27 12:05:04', '2022-05-27 12:05:04'),
(522, 'Paku Ruping', '2cm', 8, 99, 220, 100, 0, 12, 1, '2022-05-27 12:05:12', '2022-05-27 12:05:12'),
(523, 'Paku Ruping', '2cm /10cm', 8, 99, 22000, 100, 0, 13, 1, '2022-05-27 12:05:22', '2022-05-27 12:05:22'),
(524, 'Paku Ruping', '5cm', 8, 99, 650, 100, 0, 12, 1, '2022-05-27 12:05:28', '2022-05-27 12:05:28'),
(525, 'Paku Ruping', '5cm /10cm', 8, 99, 65000, 100, 0, 13, 1, '2022-05-27 12:05:34', '2022-05-27 12:05:34'),
(526, 'Knee', '1 1/2“', 9, 99, 3500, 100, 0, 2, 1, '2022-05-27 12:05:41', '2022-05-27 12:05:41'),
(527, 'Knee', '1 1/4“', 9, 99, 3500, 100, 0, 2, 1, '2022-05-27 12:05:49', '2022-05-27 12:05:49'),
(528, 'Knee', '1“', 9, 99, 3000, 100, 0, 2, 1, '2022-05-27 12:05:57', '2022-05-27 12:05:57'),
(529, 'Knee', '1/2“', 9, 99, 2000, 100, 0, 2, 1, '2022-05-27 12:06:07', '2022-05-27 12:06:07'),
(530, 'Knee', '1/2“ Power', 9, 99, 2000, 100, 0, 2, 1, '2022-05-27 12:06:15', '2022-05-27 12:06:15'),
(531, 'Knee', '2 1/2“', 9, 99, 6000, 100, 0, 2, 1, '2022-05-27 12:06:21', '2022-05-27 12:06:21'),
(532, 'Knee', '2“', 9, 99, 4000, 100, 0, 2, 1, '2022-05-27 12:06:28', '2022-05-27 12:06:28'),
(533, 'Knee', '3“', 9, 99, 7500, 100, 0, 2, 1, '2022-05-27 12:06:36', '2022-05-27 12:06:36'),
(534, 'Knee', '3/4“', 9, 1500, 2500, 100, 0, 2, 1, '2022-05-27 12:06:46', '2022-05-27 12:06:46'),
(535, 'Knee', '4“', 9, 99, 17000, 100, 0, 2, 1, '2022-05-27 12:07:00', '2022-05-27 12:07:00'),
(536, 'Knee', '5/8“', 9, 99, 1000, 100, 0, 2, 1, '2022-05-27 12:07:13', '2022-05-27 12:07:13'),
(537, 'Knee Drat Dalam', '3/4“', 9, 99, 3500, 100, 0, 2, 1, '2022-05-27 12:07:19', '2022-05-27 12:07:19'),
(538, 'Oversok', '1 1/2\" x 1\"', 9, 4000, 5000, 100, 0, 2, 1, '2022-05-27 12:07:48', '2022-05-27 12:07:48'),
(539, 'Oversok', '1\" x 3/4\"', 9, 2000, 3000, 100, 0, 2, 1, '2022-05-27 12:08:03', '2022-05-27 12:08:03'),
(540, 'Oversok', '2 1/2\" x 2\"', 9, 99, 6000, 100, 0, 2, 1, '2022-05-27 12:08:18', '2022-05-27 12:08:18'),
(541, 'Oversok', '2\" x 1 1/2\"', 9, 99, 5500, 100, 0, 2, 1, '2022-05-27 12:08:24', '2022-05-27 12:08:24'),
(542, 'Oversok', '3\" x 4\"', 9, 12000, 14000, 100, 0, 2, 1, '2022-05-27 12:08:30', '2022-05-27 12:08:30'),
(543, 'Oversok', '3/4\" X 1/2\"', 9, 99, 2000, 100, 0, 2, 1, '2022-05-27 12:08:37', '2022-05-27 12:08:37'),
(544, 'Paralon Duraflow', '1 1/2\" C', 9, 27000, 33000, 100, 0, 1, 1, '2022-05-27 12:08:47', '2022-06-07 18:56:19'),
(545, 'Paralon Duraflow', '1\" C', 9, 19000, 25000, 100, 4, 1, 1, '2022-05-27 12:08:54', '2022-06-09 07:49:48'),
(546, 'Paralon Duraflow', '1/2\" C', 9, 11440, 14500, 100, 0, 1, 1, '2022-05-27 12:09:04', '2022-05-27 12:09:04'),
(547, 'Paralon Duraflow', '2 1/2\" C', 9, 54000, 59000, 100, 0, 1, 1, '2022-05-27 12:09:17', '2022-06-07 18:56:51'),
(548, 'Paralon Duraflow', '2\" C', 9, 42000, 46000, 100, 0, 1, 1, '2022-05-27 12:09:25', '2022-06-07 18:57:05'),
(549, 'Paralon Duraflow', '3\" C', 9, 69000, 73000, 100, 0, 1, 1, '2022-05-27 12:09:32', '2022-06-07 18:57:27'),
(550, 'Paralon Duraflow', '3/4\" C', 9, 13600, 20000, 100, 0, 1, 1, '2022-05-27 12:09:39', '2022-05-27 12:09:39'),
(551, 'Paralon Duraflow', '4\" C', 9, 91000, 96000, 100, 0, 1, 1, '2022-05-27 12:09:50', '2022-06-07 18:57:39'),
(552, 'Paralon Duraflow', '5/8\" C', 9, 5500, 8500, 100, 0, 1, 1, '2022-05-27 12:10:00', '2022-06-07 18:58:22'),
(553, 'Paralon Ikan Mas', '1 1/2\" D', 9, 23100, 25000, 100, 0, 1, 1, '2022-05-27 12:10:07', '2022-05-27 12:10:07'),
(554, 'Paralon Ikan Mas', '1 1/4\" D', 9, 21150, 24000, 100, 0, 1, 1, '2022-05-27 12:10:15', '2022-05-27 12:10:15'),
(555, 'Paralon Ikan Mas', '2 1/2\" D', 9, 36400, 40000, 100, 0, 1, 1, '2022-05-27 12:10:22', '2022-05-27 12:10:22'),
(556, 'Paralon Ikan Mas', '2\" D', 9, 30680, 33000, 100, 0, 1, 1, '2022-05-27 12:10:28', '2022-05-27 12:10:28'),
(557, 'Paralon Ikan Mas', '3\" D', 9, 40520, 44000, 100, 0, 1, 1, '2022-05-27 12:10:35', '2022-05-27 12:10:35'),
(558, 'Paralon Ikan Mas', '4\" D', 9, 85000, 90000, 100, 0, 1, 1, '2022-05-27 12:10:42', '2022-06-07 18:59:26'),
(559, 'Paralon Ikan Mas', '5/8\" D', 9, 99, 8500, 100, 0, 1, 1, '2022-05-27 12:10:49', '2022-05-27 12:10:49'),
(560, 'Paralon Maspion', '1 1/2\" C', 9, 99, 35000, 100, 0, 1, 1, '2022-05-27 12:11:00', '2022-05-27 12:11:00'),
(561, 'Paralon Maspion', '1 1/2\" D', 9, 32500, 38000, 100, 0, 1, 1, '2022-05-27 12:11:06', '2022-05-27 12:11:06'),
(562, 'Paralon Maspion', '1 1/4\" C', 9, 19000, 22000, 100, 0, 1, 1, '2022-05-27 12:11:11', '2022-05-27 12:11:11'),
(563, 'Paralon Maspion', '1\" C', 9, 15000, 20000, 100, 0, 1, 1, '2022-05-27 12:11:18', '2022-05-27 12:11:18'),
(564, 'Paralon Maspion', '2\" C', 9, 99, 48000, 100, 0, 1, 1, '2022-05-27 12:11:27', '2022-05-27 12:11:27'),
(565, 'Paralon Maspion', '3/4\" C', 9, 10500, 16000, 100, 0, 1, 1, '2022-05-27 12:11:33', '2022-05-27 12:11:33'),
(566, 'Paralon Maspion', '4\" AW', 9, 234025, 260000, 100, 0, 1, 1, '2022-05-27 12:11:44', '2022-05-27 12:11:44'),
(567, 'Paralon Maspion', '4\" AW Pth', 9, 183090, 220000, 100, 0, 1, 1, '2022-05-27 12:11:51', '2022-05-27 12:11:51'),
(568, 'Paralon Maspion', '4\" C', 9, 67500, 80000, 100, 0, 1, 1, '2022-05-27 12:11:57', '2022-05-27 12:11:57'),
(569, 'Paralon Maspion', '4\" D', 9, 126070, 140000, 100, 0, 1, 1, '2022-05-27 12:12:04', '2022-05-27 12:12:04'),
(570, 'Paralon Maspion', '5/8\" C', 9, 99, 9000, 100, 0, 1, 1, '2022-05-27 12:12:12', '2022-05-27 12:12:12'),
(571, 'Paralon Megavin', '1\" C', 9, 15400, 20000, 100, 0, 1, 1, '2022-05-27 12:12:35', '2022-05-27 12:12:35'),
(572, 'Paralon Megavin', '1/2\" C', 9, 99, 99, 100, 0, 1, 1, '2022-05-27 12:12:41', '2022-05-27 12:12:41'),
(573, 'Paralon Megavin', '2 1/2\" C', 9, 99, 44000, 100, 0, 1, 1, '2022-05-27 12:13:04', '2022-05-27 12:13:04'),
(574, 'Paralon Megavin', '2\" C', 9, 99, 40000, 100, 0, 1, 1, '2022-05-27 12:13:11', '2022-05-27 12:13:11'),
(575, 'Paralon Megavin', '2\" D', 9, 99, 46000, 100, 0, 1, 1, '2022-05-27 12:13:21', '2022-05-27 12:13:21'),
(576, 'Paralon Megavin', '3\" D', 9, 99, 58000, 100, 0, 1, 1, '2022-05-27 12:13:28', '2022-05-27 12:13:28'),
(577, 'Paralon Megavin', '3/4\" C', 9, 11600, 16000, 100, 0, 1, 1, '2022-05-27 12:13:33', '2022-05-27 12:13:33'),
(578, 'Paralon Megavin', '4\" C', 9, 99, 80000, 100, 0, 1, 1, '2022-05-27 12:13:39', '2022-05-27 12:13:39'),
(579, 'Paralon Megavin', '4” D', 9, 99, 95000, 100, 0, 1, 1, '2022-05-27 12:13:45', '2022-05-27 12:13:45'),
(580, 'Paralon Melvin', '1” C', 9, 15400, 20000, 100, 0, 1, 1, '2022-05-27 12:13:54', '2022-05-27 12:13:54'),
(581, 'Paralon Melvin', '3/4” C', 9, 11560, 16000, 100, 0, 1, 1, '2022-05-27 12:14:01', '2022-05-27 12:14:01'),
(582, 'Paralon MPoin', '5/8” C', 9, 99, 7000, 100, 0, 1, 1, '2022-05-27 12:14:09', '2022-05-27 12:14:09'),
(583, 'Paralon Polyvin Pth', '3/4\" C', 9, 99, 99, 100, 0, 1, 1, '2022-05-27 12:14:15', '2022-05-27 12:14:15'),
(584, 'Paralon Power', '1\" C', 9, 99, 27000, 100, 0, 1, 1, '2022-05-27 12:14:21', '2022-05-27 12:14:21'),
(585, 'Paralon Power', '2 1/2\" C', 9, 99, 62000, 100, 0, 1, 1, '2022-05-27 12:14:28', '2022-05-27 12:14:28'),
(586, 'Paralon Power', '2\" C', 9, 99, 50000, 100, 0, 1, 1, '2022-05-27 12:14:34', '2022-05-27 12:14:34'),
(587, 'Paralon Power', '3/4\" C', 9, 99, 21000, 100, 0, 1, 1, '2022-05-27 12:14:39', '2022-05-27 12:14:39'),
(588, 'Paralon Power', '4\" C', 9, 87000, 97000, 100, 0, 1, 1, '2022-05-27 12:14:47', '2022-05-27 12:14:47'),
(589, 'Paralon Power', '4\" D', 9, 99, 140000, 100, 0, 1, 1, '2022-05-27 12:14:56', '2022-05-27 12:14:56'),
(590, 'Paralon TJ', '1/2\" C', 9, 99, 10000, 100, 0, 1, 1, '2022-05-27 12:15:03', '2022-05-27 12:15:03'),
(591, 'Paralon TJ', '3/4\" C', 9, 99, 14000, 100, 0, 1, 1, '2022-05-27 12:15:35', '2022-05-27 12:15:35'),
(592, 'Paralon TJ', '4\" AW Pth', 9, 99, 99, 100, 0, 2, 1, '2022-05-27 12:15:41', '2022-05-27 12:15:41'),
(593, 'Paralon TJ', '4” AW Pth', 9, 135000, 140000, 100, 0, 1, 1, '2022-05-27 12:15:47', '2022-06-07 18:59:07'),
(594, 'Paralon Trilliun', '1” C', 9, 14000, 22500, 100, 0, 1, 1, '2022-05-27 12:16:01', '2022-05-27 12:16:01'),
(595, 'Paralon Trilliun', '1/2” C', 9, 11440, 14500, 100, 0, 1, 1, '2022-05-27 12:16:07', '2022-05-27 12:16:07'),
(596, 'Paralon Trilliun', '2” C', 9, 39000, 46000, 100, 0, 1, 1, '2022-05-27 12:16:14', '2022-05-27 12:16:14'),
(597, 'Paralon Trilliun', '3” C', 9, 50000, 60000, 100, 0, 1, 1, '2022-05-27 12:16:26', '2022-05-27 12:16:26'),
(598, 'Paralon Trilliun', '3/4” C', 9, 13000, 17000, 100, 0, 1, 1, '2022-05-27 12:16:32', '2022-05-27 12:16:32'),
(599, 'Paralon Trilliun', '4” C', 9, 99, 76000, 100, 0, 1, 1, '2022-05-27 12:16:38', '2022-05-27 12:16:38'),
(600, 'Paralon Trilliun', '5/8” C', 9, 99, 8500, 100, 0, 1, 1, '2022-05-27 12:16:46', '2022-05-27 12:16:46'),
(601, 'Sambgn Talang Kotak PVC', '-', 9, 99, 4000, 100, 0, 2, 1, '2022-05-27 12:16:56', '2022-05-27 12:16:56'),
(602, 'Seal Pompa', '-', 9, 99, 99, 100, 0, 2, 1, '2022-05-27 12:17:04', '2022-05-27 12:17:04'),
(603, 'Sok', '1 1/2”', 9, 99, 3000, 100, 0, 2, 1, '2022-05-27 12:17:27', '2022-05-27 12:17:27'),
(604, 'Sok', '1 1/4”', 9, 99, 3000, 100, 0, 2, 1, '2022-05-27 12:17:33', '2022-05-27 12:17:33'),
(605, 'Sok', '1”', 9, 99, 3000, 100, 0, 2, 1, '2022-05-27 12:17:39', '2022-05-27 12:17:39'),
(606, 'Sok', '1/2”', 9, 2000, 2250, 100, 0, 2, 1, '2022-05-27 12:17:48', '2022-05-27 12:17:48'),
(607, 'Sok', '2 1/2”', 9, 99, 3500, 100, 0, 2, 1, '2022-05-27 12:17:54', '2022-05-27 12:17:54'),
(608, 'Sok', '2”', 9, 99, 3500, 100, 0, 2, 1, '2022-05-27 12:17:59', '2022-05-27 12:17:59'),
(609, 'Sok', '3”', 9, 99, 4500, 100, 0, 2, 1, '2022-05-27 12:18:05', '2022-05-27 12:18:05'),
(610, 'Sok', '3/4”', 9, 1500, 2500, 100, 0, 2, 1, '2022-05-27 12:18:11', '2022-05-27 12:18:11'),
(611, 'Sok', '3/4” Power', 9, 1600, 2500, 100, 0, 2, 1, '2022-05-27 12:18:17', '2022-05-27 12:18:17'),
(612, 'Sok', '4”', 9, 99, 7500, 100, 0, 2, 1, '2022-05-27 12:18:24', '2022-05-27 12:18:24'),
(613, 'Sok Drat Dalam', '1 1/4', 9, 99, 3500, 100, 0, 2, 1, '2022-05-27 12:18:30', '2022-05-27 12:18:30'),
(614, 'Sok Drat Dalam', '1”', 9, 99, 3500, 100, 0, 2, 1, '2022-05-27 12:18:36', '2022-05-27 12:18:36'),
(615, 'Sok Drat Dalam', '1/2”', 9, 99, 2500, 100, 0, 2, 1, '2022-05-27 12:18:48', '2022-05-27 12:18:48'),
(616, 'Sok Drat Dalam', '3/4”', 9, 99, 3000, 100, 0, 2, 1, '2022-05-27 12:18:54', '2022-05-27 12:18:54'),
(617, 'Sok Drat Double', '-', 9, 99, 4000, 100, 0, 2, 1, '2022-05-27 12:19:02', '2022-05-27 12:19:02'),
(618, 'Sok Drat Luar', '1 1/4”', 9, 99, 3500, 100, 0, 2, 1, '2022-05-27 12:19:08', '2022-05-27 12:19:08'),
(619, 'Sok Drat Luar', '1”', 9, 99, 3500, 100, 0, 2, 1, '2022-05-27 12:19:17', '2022-05-27 12:19:17'),
(620, 'Sok Drat Luar', '1/2”', 9, 99, 2500, 100, 0, 2, 1, '2022-05-27 12:19:24', '2022-05-27 12:19:24'),
(621, 'Sok Drat Luar', '3/4”', 9, 99, 3000, 100, 0, 2, 1, '2022-05-27 12:19:31', '2022-05-27 12:19:31'),
(622, 'Tee', '1 1/2”', 9, 3000, 3500, 100, 0, 2, 1, '2022-05-27 12:19:38', '2022-05-27 12:19:38'),
(623, 'Tee', '1 1/4”', 9, 99, 3500, 100, 0, 2, 1, '2022-05-27 12:19:44', '2022-05-27 12:19:44'),
(624, 'Tee', '1”', 9, 99, 3500, 100, 0, 2, 1, '2022-05-27 12:19:53', '2022-05-27 12:19:53'),
(625, 'Tee', '1” Power', 9, 4000, 4500, 100, 0, 2, 1, '2022-05-27 12:20:00', '2022-05-27 12:20:00'),
(626, 'Tee', '1/2”', 9, 99, 2500, 100, 0, 2, 1, '2022-05-27 12:20:05', '2022-05-27 12:20:05'),
(627, 'Tee', '2 1/2”', 9, 99, 6000, 100, 0, 2, 1, '2022-05-27 12:20:14', '2022-05-27 12:20:14'),
(628, 'Tee', '2”', 9, 99, 4500, 100, 0, 2, 1, '2022-05-27 12:20:43', '2022-05-27 12:20:43'),
(629, 'Tee', '3”', 9, 99, 8000, 100, 0, 2, 1, '2022-05-27 12:20:50', '2022-05-27 12:20:50'),
(630, 'Tee', '3/4”', 9, 99, 3000, 100, 0, 2, 1, '2022-05-27 12:20:56', '2022-05-27 12:20:56'),
(631, 'Tee', '4”', 9, 99, 17500, 100, 0, 2, 1, '2022-05-27 12:21:02', '2022-05-27 12:21:02'),
(632, 'Tee', '5/8”', 9, 99, 1000, 100, 0, 2, 1, '2022-05-27 12:21:08', '2022-05-27 12:21:08'),
(633, 'Tutup Paralon', '1 1/2”', 9, 99, 3500, 100, 0, 2, 1, '2022-05-27 12:21:15', '2022-05-27 12:21:15'),
(634, 'Tutup Paralon', '1”', 9, 99, 3000, 100, 0, 2, 1, '2022-05-27 12:21:31', '2022-05-27 12:21:31'),
(635, 'Tutup Paralon', '1/2”', 9, 99, 1500, 100, 0, 2, 1, '2022-05-27 12:21:44', '2022-05-27 12:21:44'),
(636, 'Tutup Paralon', '2 1/2”', 9, 99, 4500, 100, 0, 2, 1, '2022-05-27 12:21:59', '2022-05-27 12:21:59'),
(637, 'Tutup Paralon', '2”', 9, 99, 4000, 100, 0, 2, 1, '2022-05-27 12:22:06', '2022-05-27 12:22:06'),
(638, 'Tutup Paralon', '3”', 9, 8000, 9000, 100, 0, 2, 1, '2022-05-27 12:22:13', '2022-05-27 12:22:13'),
(639, 'Tutup Paralon', '3/4”', 9, 1500, 2000, 100, 0, 2, 1, '2022-05-27 12:22:19', '2022-05-27 12:22:19'),
(640, 'Tutup Paralon', '4”', 9, 8000, 10000, 100, 0, 2, 1, '2022-05-27 12:22:25', '2022-05-27 12:22:25'),
(641, 'Pupuk Organik', '-', 14, 2000, 23000, 100, 0, 2, 1, '2022-05-27 12:22:31', '2022-05-27 12:22:31'),
(642, 'Pupuk Phoska', '-', 14, 115000, 120000, 100, 0, 2, 1, '2022-05-27 12:22:37', '2022-05-27 12:22:37'),
(643, 'Pupuk Urea', '-', 14, 93000, 105000, 100, 0, 2, 1, '2022-05-27 12:22:43', '2022-05-27 12:22:43'),
(644, 'Pupuk Za', '-', 14, 80000, 85000, 100, 0, 10, 1, '2022-05-27 12:22:55', '2022-05-27 12:22:55'),
(645, 'Baskom #2', '-', 10, 8000, 9500, 100, 0, 2, 1, '2022-05-27 12:23:05', '2022-05-27 12:23:05'),
(646, 'Ember #2', '-', 10, 99, 8500, 100, 0, 2, 1, '2022-05-27 12:23:11', '2022-05-27 12:23:11'),
(647, 'Ember #3', '-', 10, 99, 15000, 100, 0, 2, 1, '2022-05-27 12:23:19', '2022-05-27 12:23:19'),
(648, 'Ember #4', '-', 10, 99, 30000, 100, 0, 2, 1, '2022-05-27 12:23:26', '2022-05-27 12:23:26'),
(649, 'Ember Bayi', '-', 10, 99, 50000, 100, 0, 2, 1, '2022-05-27 12:23:32', '2022-05-27 12:23:32'),
(651, 'Kunci Pas Ring', '-', 10, 120000, 140000, 100, 0, 25, 1, '2022-05-27 12:25:49', '2022-05-27 12:25:49'),
(652, 'Lerekan Gorden', '-', 10, 99, 850, 100, 0, 14, 1, '2022-05-27 12:25:59', '2022-05-27 12:25:59'),
(654, 'Pel Kain Bsr', '-', 10, 99, 80000, 100, 0, 2, 1, '2022-05-27 12:26:14', '2022-05-27 12:26:14'),
(655, 'Pel Kain Kcl', '-', 10, 99, 29000, 100, 0, 2, 1, '2022-05-27 12:26:21', '2022-05-27 12:26:21'),
(656, 'Pel Mekanik', '-', 10, 99, 61000, 100, 0, 2, 1, '2022-05-27 12:26:27', '2022-05-27 12:26:27'),
(657, 'Plastik Bening 1kg', '-', 10, 2200, 2600, 100, 0, 13, 1, '2022-05-27 12:26:39', '2022-05-27 12:26:39'),
(658, 'Plastik Polos 2 Kg Tipis', '-', 10, 3800, 4200, 100, 0, 13, 1, '2022-05-27 12:26:51', '2022-05-27 12:26:51'),
(659, 'Plastik T Tipis Pth', '-', 10, 2800, 1500, 100, 0, 13, 1, '2022-05-27 12:26:56', '2022-05-27 12:26:56'),
(660, 'Plastik Warna Tipis kcl', '-', 10, 1200, 1500, 100, 0, 13, 1, '2022-05-27 12:27:03', '2022-05-27 12:27:03'),
(661, 'Plastikes Pth', '1,5 Kg', 10, 3500, 3900, 100, 0, 13, 1, '2022-05-27 12:27:10', '2022-05-27 12:27:10'),
(662, 'Regulator', '-', 10, 99, 99, 100, 0, 2, 1, '2022-05-27 12:27:18', '2022-05-27 12:27:18'),
(663, 'Regulator +Selang', '-', 10, 99, 75000, 100, 0, 2, 1, '2022-05-27 12:27:26', '2022-05-27 12:27:26'),
(664, 'Sapu Cemara', '-', 10, 7500, 10000, 100, 0, 2, 1, '2022-05-27 12:27:36', '2022-05-27 12:27:36'),
(665, 'Sulak Bulu', '-', 10, 17500, 21000, 100, 0, 2, 1, '2022-05-27 12:27:44', '2022-05-27 12:27:44'),
(666, 'Semen', '1kg', 11, 1075, 1800, 100, 0, 6, 1, '2022-05-27 12:27:52', '2022-05-27 12:27:52'),
(667, 'Semen 3 Roda', '40kg', 11, 45000, 47000, 100, 0, 10, 1, '2022-05-27 12:27:57', '2022-05-27 12:27:57'),
(668, 'Semen 3 Roda', '50kg', 11, 56000, 58000, 100, 0, 10, 1, '2022-05-27 12:28:04', '2022-05-27 12:28:04'),
(669, 'Semen 3 Roda Pth', '40kg', 11, 88000, 93000, 100, 0, 10, 1, '2022-05-27 12:28:10', '2022-05-27 12:28:10'),
(670, 'Semen', '5kg', 11, 99, 9000, 100, 0, 6, 1, '2022-05-27 12:28:17', '2022-05-27 12:28:17'),
(671, 'Semen Bima', '40kg', 11, 43000, 45000, 100, 0, 10, 1, '2022-05-27 12:28:24', '2022-05-27 12:28:24'),
(672, 'Semen Bima', '50kg', 11, 60500, 62000, 100, 0, 10, 1, '2022-05-27 12:28:30', '2022-05-27 12:28:30'),
(673, 'Semen Gresik', '40kg', 11, 46000, 48000, 100, 0, 10, 1, '2022-05-27 12:28:35', '2022-05-27 12:28:35'),
(674, 'Semen Gresik', '50kg', 11, 55500, 58000, 100, 0, 10, 1, '2022-05-27 12:28:40', '2022-05-27 12:28:40'),
(675, 'Semen Pth', '4kg', 11, 8800, 12000, 100, 0, 6, 1, '2022-05-27 12:28:47', '2022-05-27 12:28:47'),
(676, 'Thinner Afdunner', '500ml', 12, 6000, 9000, 100, 0, 23, 1, '2022-05-27 12:28:54', '2022-05-27 12:28:54'),
(677, 'Thinner Astina', '5kg', 12, 99, 65000, 100, 0, 5, 1, '2022-05-27 12:29:00', '2022-05-27 12:29:00'),
(678, 'Thinner Avian', '1lt', 12, 99, 20000, 100, 0, 23, 1, '2022-05-27 12:29:05', '2022-05-27 12:29:05'),
(679, 'Thinner B Special', '-', 12, 7000, 10000, 100, 0, 23, 1, '2022-05-27 12:29:09', '2022-05-27 12:29:09'),
(680, 'Thinner Bintang Mas', '400ml', 12, 99, 9000, 100, 0, 22, 1, '2022-05-27 12:29:32', '2022-05-27 12:29:32'),
(681, 'Thinner Glotex', '1lt', 12, 99, 20000, 100, 0, 5, 1, '2022-05-27 12:29:47', '2022-05-27 12:29:47'),
(682, 'Thinner Haksel', '1lt', 12, 99, 20000, 100, 2, 5, 1, '2022-05-27 12:29:53', '2022-06-03 08:38:46'),
(683, 'Thinner Lotus', '1kg', 12, 99, 17500, 100, 0, 5, 1, '2022-05-27 12:29:59', '2022-05-27 12:29:59'),
(684, 'Thinner Lotus', '5kg', 12, 99, 67000, 100, 0, 5, 1, '2022-05-27 12:30:05', '2022-05-27 12:30:05'),
(685, 'Thinner SuperGlos', '1kg', 12, 99, 20000, 100, 0, 5, 1, '2022-05-27 12:30:20', '2022-05-27 12:30:20');

-- --------------------------------------------------------

--
-- Struktur dari tabel `level_akses`
--

CREATE TABLE `level_akses` (
  `id` bigint(11) NOT NULL,
  `name_level` varchar(20) NOT NULL,
  `created_at` timestamp NOT NULL DEFAULT current_timestamp() ON UPDATE current_timestamp(),
  `updated_at` timestamp NOT NULL DEFAULT current_timestamp()
) ENGINE=InnoDB DEFAULT CHARSET=utf8mb4;

--
-- Dumping data untuk tabel `level_akses`
--

INSERT INTO `level_akses` (`id`, `name_level`, `created_at`, `updated_at`) VALUES
(1, 'Admin', '2022-04-01 16:16:56', '0000-00-00 00:00:00'),
(2, 'Kasir', '2022-04-01 16:16:56', '0000-00-00 00:00:00');

-- --------------------------------------------------------

--
-- Struktur dari tabel `migrations`
--

CREATE TABLE `migrations` (
  `id` int(10) UNSIGNED NOT NULL,
  `migration` varchar(255) COLLATE utf8mb4_unicode_ci NOT NULL,
  `batch` int(11) NOT NULL
) ENGINE=InnoDB DEFAULT CHARSET=utf8mb4 COLLATE=utf8mb4_unicode_ci;

--
-- Dumping data untuk tabel `migrations`
--

INSERT INTO `migrations` (`id`, `migration`, `batch`) VALUES
(25, '2022_02_26_030841_create_pcs_table', 1),
(34, '2022_02_26_033526_create_items_stock_table', 2),
(35, '2014_10_12_000000_create_users_table', 3),
(36, '2019_12_14_000001_create_personal_access_tokens_table', 3),
(37, '2022_02_25_151550_create_category_table', 3),
(38, '2022_02_26_030339_create_items_table', 3),
(39, '2022_02_27_125550_create_unit_table', 4),
(40, '2022_03_04_033148_create_transaction_table', 5),
(41, '2022_03_04_124203_create_cart_table', 6),
(42, '2022_03_08_044824_create_detail_transaction_table', 7);

-- --------------------------------------------------------

--
-- Struktur dari tabel `personal_access_tokens`
--

CREATE TABLE `personal_access_tokens` (
  `id` bigint(20) UNSIGNED NOT NULL,
  `tokenable_type` varchar(255) COLLATE utf8mb4_unicode_ci NOT NULL,
  `tokenable_id` bigint(20) UNSIGNED NOT NULL,
  `name` varchar(255) COLLATE utf8mb4_unicode_ci NOT NULL,
  `token` varchar(64) COLLATE utf8mb4_unicode_ci NOT NULL,
  `abilities` text COLLATE utf8mb4_unicode_ci DEFAULT NULL,
  `last_used_at` timestamp NULL DEFAULT NULL,
  `created_at` timestamp NULL DEFAULT NULL,
  `updated_at` timestamp NULL DEFAULT NULL
) ENGINE=InnoDB DEFAULT CHARSET=utf8mb4 COLLATE=utf8mb4_unicode_ci;

-- --------------------------------------------------------

--
-- Struktur dari tabel `transaction`
--

CREATE TABLE `transaction` (
  `id_transaction` bigint(20) NOT NULL,
  `name_user` varchar(255) COLLATE utf8mb4_unicode_ci NOT NULL,
  `total_modal` int(11) NOT NULL,
  `total_bayar` int(11) NOT NULL,
  `total_untung` int(11) NOT NULL,
  `uang_bayar` int(50) NOT NULL,
  `created_at` timestamp NULL DEFAULT current_timestamp(),
  `updated_at` timestamp NULL DEFAULT current_timestamp()
) ENGINE=InnoDB DEFAULT CHARSET=utf8mb4 COLLATE=utf8mb4_unicode_ci;

--
-- Dumping data untuk tabel `transaction`
--

INSERT INTO `transaction` (`id_transaction`, `name_user`, `total_modal`, `total_bayar`, `total_untung`, `uang_bayar`, `created_at`, `updated_at`) VALUES
(102, 'Majid', 897, 60000, 59103, 80000, '2022-06-16 11:45:22', '2022-06-16 11:45:22'),
(103, 'Majid', 897, 60000, 59103, 80000, '2022-06-16 11:47:28', '2022-06-16 11:47:28'),
(104, 'Majid', 147000, 180000, 33000, 200000, '2022-06-16 11:53:46', '2022-06-16 11:53:46'),
(105, 'Majid', 147000, 180000, 33000, 200000, '2022-06-16 11:54:26', '2022-06-16 11:54:26'),
(106, 'Majid', 147000, 180000, 33000, 200000, '2022-06-16 11:57:01', '2022-06-16 11:57:01'),
(107, 'Majid', 147000, 180000, 33000, 2222220, '2022-06-16 11:57:45', '2022-06-16 11:57:45'),
(108, 'Majid', 147000, 180000, 33000, 2222222, '2022-06-16 11:57:54', '2022-06-16 11:57:54'),
(109, 'Majid', 147000, 180000, 33000, 200000, '2022-06-16 11:58:28', '2022-06-16 11:58:28'),
(110, 'Majid', 110297, 208000, 97703, 200000, '2022-06-16 17:29:40', '2022-06-16 17:29:40'),
(111, 'Majid', 110297, 208000, 97703, 32332, '2022-06-16 17:30:22', '2022-06-16 17:30:22'),
(112, 'Majid', 257297, 388000, 130703, 4000000, '2022-06-17 10:32:57', '2022-06-17 10:32:57'),
(113, 'Majid', 110297, 208000, 97703, 210000, '2022-06-17 10:33:23', '2022-06-17 10:33:23'),
(114, 'Majid', 80000, 90000, 10000, 20000, '2022-06-17 10:33:42', '2022-06-17 10:33:42'),
(115, 'Majid', 80000, 90000, 10000, 100000, '2022-07-09 18:07:21', '2022-07-09 18:07:21');

-- --------------------------------------------------------

--
-- Struktur dari tabel `unit`
--

CREATE TABLE `unit` (
  `id` bigint(20) NOT NULL,
  `name_unit` varchar(50) COLLATE utf8mb4_unicode_ci NOT NULL,
  `created_at` timestamp NULL DEFAULT current_timestamp(),
  `updated_at` timestamp NULL DEFAULT current_timestamp()
) ENGINE=InnoDB DEFAULT CHARSET=utf8mb4 COLLATE=utf8mb4_unicode_ci;

--
-- Dumping data untuk tabel `unit`
--

INSERT INTO `unit` (`id`, `name_unit`, `created_at`, `updated_at`) VALUES
(1, 'Batang', '2022-02-27 06:18:34', '2022-03-18 21:09:31'),
(2, 'Buah', '2022-02-27 06:18:41', '2022-02-27 06:18:41'),
(3, 'Ekor', '2022-02-27 06:18:45', '2022-02-27 06:18:45'),
(4, 'Ikat', '2022-02-27 06:18:50', '2022-02-27 06:18:50'),
(5, 'Kaleng', '2022-02-27 06:18:57', '2022-02-27 06:18:57'),
(6, 'Kg', '2022-02-27 06:19:04', '2022-02-27 06:19:04'),
(7, 'Meter', '2022-02-27 06:19:13', '2022-02-27 06:19:13'),
(8, 'Lembar', '2022-02-27 06:19:18', '2022-02-27 06:19:18'),
(9, 'Rit', '2022-02-27 06:19:23', '2022-02-27 06:19:23'),
(10, 'Sak', '2022-02-27 06:19:36', '2022-02-27 06:19:36'),
(11, 'Galon', '2022-04-11 00:22:04', '2022-04-11 00:22:04'),
(12, 'Pcs', '2022-04-11 00:24:15', '2022-04-11 00:24:15'),
(13, 'Psg', '2022-04-11 00:24:27', '2022-04-11 00:24:40'),
(14, 'Dus', '2022-04-11 00:25:57', '2022-04-11 00:25:57'),
(15, 'Rol', '2022-04-11 00:26:05', '2022-04-11 00:26:05'),
(16, 'Kubik', '2022-04-11 00:26:13', '2022-04-11 00:26:13'),
(17, 'Ember', '2022-04-11 00:26:17', '2022-04-11 00:26:17'),
(18, 'Pouch', '2022-04-11 00:26:26', '2022-04-11 00:26:26'),
(19, 'Meter2', '2022-04-11 00:26:35', '2022-04-11 00:26:35'),
(20, 'Ons', '2022-04-11 00:26:42', '2022-04-11 00:26:42'),
(21, 'Hari', '2022-04-11 00:26:51', '2022-04-11 00:26:51'),
(22, 'Botol', '2022-04-11 00:26:56', '2022-04-11 00:26:56'),
(23, 'Pack', '2022-04-11 00:27:03', '2022-04-11 00:27:03'),
(24, 'Kali', '2022-04-11 00:27:13', '2022-04-11 00:27:13'),
(25, 'Pck', '2022-04-11 00:27:19', '2022-04-11 00:27:19');

-- --------------------------------------------------------

--
-- Struktur dari tabel `users`
--

CREATE TABLE `users` (
  `id` bigint(20) NOT NULL,
  `name_user` varchar(50) COLLATE utf8mb4_unicode_ci NOT NULL,
  `email` varchar(255) COLLATE utf8mb4_unicode_ci NOT NULL,
  `password` varchar(255) COLLATE utf8mb4_unicode_ci NOT NULL,
  `level` bigint(11) NOT NULL,
  `created_at` timestamp NULL DEFAULT current_timestamp(),
  `updated_at` timestamp NULL DEFAULT current_timestamp()
) ENGINE=InnoDB DEFAULT CHARSET=utf8mb4 COLLATE=utf8mb4_unicode_ci;

--
-- Dumping data untuk tabel `users`
--

INSERT INTO `users` (`id`, `name_user`, `email`, `password`, `level`, `created_at`, `updated_at`) VALUES
(13, 'Fikri', 'mfafik444@gmail.com', '$2y$10$sRMlKUIyUcP.TNLQStSaG.IyZ/jX8/7nGFmReWexswvzELT2JVJfW', 1, '2022-06-01 18:13:39', '2022-06-01 18:13:39'),
(14, 'Majid', 'mfafik333@gmail.com', '$2y$10$mccXVbpzpw1QUOOaWUqI.OJJWmwyWKRK7Bw7At/QqPcEbxDzBLxtq', 2, '2022-06-03 06:37:25', '2022-06-03 06:37:25'),
(15, 'SSS', 'mfafik222@gmail.com', 'e64b78fc3bc91bcbc7dc232ba8ec59e0', 1, '2022-06-03 06:38:17', '2022-06-03 06:38:17'),
(16, 'Ahmad', 'fikri1@gmail.com', '$2y$10$HvMsWkK06vQvsVnlsDM6r.SoHGkG0wDBpO2H1J3sNdi6i91Zmox2m', 1, '2022-06-03 07:02:39', '2022-06-03 07:02:39'),
(17, 'MFikri', 'fikri2@gmail.com', '$2y$10$mPO6NgGghctKihFivqfK2emkoQpMhyGg0leOaU8NymH6gXjGm1uPu', 2, '2022-07-08 18:58:56', '2022-07-08 18:58:56');

--
-- Indexes for dumped tables
--

--
-- Indeks untuk tabel `cart`
--
ALTER TABLE `cart`
  ADD PRIMARY KEY (`id`);

--
-- Indeks untuk tabel `category`
--
ALTER TABLE `category`
  ADD PRIMARY KEY (`id`);

--
-- Indeks untuk tabel `detail_transaction`
--
ALTER TABLE `detail_transaction`
  ADD PRIMARY KEY (`id`),
  ADD KEY `FK_transaction` (`id_transaction`);

--
-- Indeks untuk tabel `items`
--
ALTER TABLE `items`
  ADD PRIMARY KEY (`id`),
  ADD KEY `FK_category` (`category_id`),
  ADD KEY `FK_unit` (`unit_id`);

--
-- Indeks untuk tabel `level_akses`
--
ALTER TABLE `level_akses`
  ADD PRIMARY KEY (`id`);

--
-- Indeks untuk tabel `migrations`
--
ALTER TABLE `migrations`
  ADD PRIMARY KEY (`id`);

--
-- Indeks untuk tabel `personal_access_tokens`
--
ALTER TABLE `personal_access_tokens`
  ADD PRIMARY KEY (`id`),
  ADD UNIQUE KEY `personal_access_tokens_token_unique` (`token`),
  ADD KEY `personal_access_tokens_tokenable_type_tokenable_id_index` (`tokenable_type`,`tokenable_id`);

--
-- Indeks untuk tabel `transaction`
--
ALTER TABLE `transaction`
  ADD PRIMARY KEY (`id_transaction`);

--
-- Indeks untuk tabel `unit`
--
ALTER TABLE `unit`
  ADD PRIMARY KEY (`id`);

--
-- Indeks untuk tabel `users`
--
ALTER TABLE `users`
  ADD PRIMARY KEY (`id`),
  ADD UNIQUE KEY `users_email_unique` (`email`),
  ADD KEY `FK_level` (`level`);

--
-- AUTO_INCREMENT untuk tabel yang dibuang
--

--
-- AUTO_INCREMENT untuk tabel `cart`
--
ALTER TABLE `cart`
  MODIFY `id` bigint(20) NOT NULL AUTO_INCREMENT;

--
-- AUTO_INCREMENT untuk tabel `category`
--
ALTER TABLE `category`
  MODIFY `id` bigint(20) NOT NULL AUTO_INCREMENT, AUTO_INCREMENT=15;

--
-- AUTO_INCREMENT untuk tabel `detail_transaction`
--
ALTER TABLE `detail_transaction`
  MODIFY `id` bigint(20) NOT NULL AUTO_INCREMENT, AUTO_INCREMENT=114;

--
-- AUTO_INCREMENT untuk tabel `items`
--
ALTER TABLE `items`
  MODIFY `id` bigint(20) NOT NULL AUTO_INCREMENT, AUTO_INCREMENT=689;

--
-- AUTO_INCREMENT untuk tabel `level_akses`
--
ALTER TABLE `level_akses`
  MODIFY `id` bigint(11) NOT NULL AUTO_INCREMENT, AUTO_INCREMENT=4;

--
-- AUTO_INCREMENT untuk tabel `migrations`
--
ALTER TABLE `migrations`
  MODIFY `id` int(10) UNSIGNED NOT NULL AUTO_INCREMENT, AUTO_INCREMENT=43;

--
-- AUTO_INCREMENT untuk tabel `personal_access_tokens`
--
ALTER TABLE `personal_access_tokens`
  MODIFY `id` bigint(20) UNSIGNED NOT NULL AUTO_INCREMENT;

--
-- AUTO_INCREMENT untuk tabel `transaction`
--
ALTER TABLE `transaction`
  MODIFY `id_transaction` bigint(20) NOT NULL AUTO_INCREMENT, AUTO_INCREMENT=116;

--
-- AUTO_INCREMENT untuk tabel `unit`
--
ALTER TABLE `unit`
  MODIFY `id` bigint(20) NOT NULL AUTO_INCREMENT, AUTO_INCREMENT=26;

--
-- AUTO_INCREMENT untuk tabel `users`
--
ALTER TABLE `users`
  MODIFY `id` bigint(20) NOT NULL AUTO_INCREMENT, AUTO_INCREMENT=18;

--
-- Ketidakleluasaan untuk tabel pelimpahan (Dumped Tables)
--

--
-- Ketidakleluasaan untuk tabel `detail_transaction`
--
ALTER TABLE `detail_transaction`
  ADD CONSTRAINT `FK_transaction` FOREIGN KEY (`id_transaction`) REFERENCES `transaction` (`id_transaction`) ON DELETE CASCADE ON UPDATE CASCADE;

--
-- Ketidakleluasaan untuk tabel `items`
--
ALTER TABLE `items`
  ADD CONSTRAINT `FK_category` FOREIGN KEY (`category_id`) REFERENCES `category` (`id`),
  ADD CONSTRAINT `FK_unit` FOREIGN KEY (`unit_id`) REFERENCES `unit` (`id`);

--
-- Ketidakleluasaan untuk tabel `users`
--
ALTER TABLE `users`
  ADD CONSTRAINT `FK_level` FOREIGN KEY (`level`) REFERENCES `level_akses` (`id`);
COMMIT;

/*!40101 SET CHARACTER_SET_CLIENT=@OLD_CHARACTER_SET_CLIENT */;
/*!40101 SET CHARACTER_SET_RESULTS=@OLD_CHARACTER_SET_RESULTS */;
/*!40101 SET COLLATION_CONNECTION=@OLD_COLLATION_CONNECTION */;
